source,target
"মনিবের হুকুমটা শুনল সে হাঁ ক’রে, ফিরে দিতে চ’লে গেল কিছু দেরি না ক’রে।",তিনি প্রভুর আদেশ শুনেছিলেন এবং দেরি না করে ফিরে যেতে চেয়েছিলেন।
আজকাল মহেন্দ্রের সম্মুখে সকল কথা অসংকোচে বলা কঠিন।,আজকাল মহেন্দ্রের সামনে সব কথা বলা কঠিন।
কতদিন এইরূপ সময়ে সুচরিতা তাঁহার কাছে আসিয়া বসিয়াছে এবং সুচরিতার অনুরোধে পরেশবাবু তাহাকেও পড়িয়া শুনাইয়াছেন।, সময় সুচরিত তাঁর কাছে কতদিন এসেছেন এবং সুচরিতের অনুরোধে পরেশবাবুও তাঁকে পড়ে
তৎক্ষণাৎ কেদারেশ্বরের বিকশিত দন্তপংক্তির উপর যবনিকাপতন হইল।,সঙ্গে সঙ্গে কেদারেশ্বরের বিকশিত দন্তপংক্তির ওপর পর্দা পড়ে যায়।
বিনোদিনী।,বিনোদী।
(স্বগত) কী সর্বনাশ!,(প্রাক্তন) কী এক বিপর্যয়!
নিজের এই ছবিটি কুমুর চোখে পড়ে নি।,তার নিজের ছবি কুমি দেখতে পায়নি।
"সুচরিতা জিজ্ঞাসা করিল, “বাবা, একি!”","সুচরিত জিজ্ঞেস করল, ""বাবা, কি!"""
মোহ জিনিসটা থাকে অতীতকে আর ভবিষ্যৎকে জড়িয়ে।,মোহ অতীত এবং ভবিষ্যতের সাথে জড়িত।
"নীলু বললে, ঐটেই হচ্ছে তর্কের বিষয়।","নিলু বলল, এটাই তর্কের বিষয়।"
কমলার প্রশ্ন শুনিয়া উমেশ কিছু না বলিয়া একটুখানি হাসিল।,কমলার প্রশ্ন শুনে উমেশ কিছু না বলে একটু হেসেছিলেন।
"আমি বলি, তা হতে পারে, কিন্তু কোন্‌খানটাতে আছে তা জানা চাই এবং সেইখানটাতেই জোর করে ওদের বসিয়ে দিতে হবে, নইলে ওরা বিরোধ করবেই।","মি বললাম, হয়তো এটা হতে পারে, কিন্তু আমি জানতে চাই এটা কোথায়, আর আমাকে জোর"
"নীলকুঠির সাহেবের গোমস্তাগিরি করে খাই, তার চেয়ে আর তো কিছু বলবার দরকার করে না।",নীলকুঠির সাহেবের গোমস্তাগিরি করে খাওয়ার চেয়ে বেশি কিছু বলার দরকার নেই।
আবার সমস্ত ঘুলিয়ে উঠল।,"আবার, সব কিছু বদলে গেল।"
"বিহারী মনে মনে কহিল, “এমন সুন্দর প্রেমের সংসার ছারখার করিয়া দিলি!”","বিহারী মনে মনে বলল, ""তুমি এত সুন্দর প্রেমের পরিবার ধ্বংস করে দিয়েছ!"""
"ভেবেছিলুম, এইবার প্রমাণ হয়ে যাবে, স্বর্গ নিরপেক্ষ, নিরবলম্ব, আপনাতেই আপনি সম্পূর্ণ।","আমি ভেবেছিলাম, এবার প্রমাণ হবে যে, স্বর্গ নিরপেক্ষ, নীরব এবং তুমি নিজেই সম্পূর্ণ।"
"হঠাৎ যদি মরণের ধাক্কা লাগে, নিবে যায় দুই তারার লণ্ঠন, দোঁহে এক হয়ে ওঠবার আগুন ওঠে জ্বলে।","ঠাৎ যদি মৃত্যু আঘাত করে, তাহলে দুটো তারার লণ্ঠন নেবে, একটা করে ডোনের আগুন জ"
কালিকার কাড়াকাড়ি-করা সেই বিষবৃক্ষখানি নীচের বিছানায় পড়িয়া আছে।,কালিকার হাতের বিষবৃক্ষটি নিচের বিছানায় পড়ে আছে।
(দ্রুত প্রবেশ করিয়া) এ কী রকমের ডাকাতি দিদি!,(দ্রুত প্রবেশ করুন) কি ধরনের ডাকাতি!
অথচ শাস্তি পেতে হল।,কিন্তু তাকে শাস্তি দেওয়া হয়েছিল।
যেখানে গাছতলায় ব’সে বুড়ো খেত আগলায় আর ক্ষণে ক্ষণে ঘুমে ঢুলে পড়ে সেখানে নাতনি গিয়ে তার গলা জড়িয়ে ধরে; বুড়োর বুকের হাড়গুলো পর্যন্ত খুশি হয়ে ওঠে।,"েখানে বৃদ্ধ লোকটি মাটিতে বসে খেতে থাকে এবং এক মুহূর্তে ঘুমিয়ে পড়ে, সেখানে নাতনী গিয়ে তার গলা জড়"
"বললে, “আচ্ছা আমি দিয়ে দেব, কিন্তু তার পরে?”","তিনি বলেছিলেন, ""ঠিক আছে, আমি তোমাকে দেব, কিন্তু তারপর?"""
অনেক দূর হতে অনেক আশা করিয়া তোরা ঠাকরুনকে দর্শন করিতে আসিয়াছিস–চল্‌ একবার মন্দিরে চল্‌।,অনেক দূর থেকে আসার আশা নিয়ে তুমি ঠাকুরুনকে দেখতে এসেছ- চল মন্দিরে যাই।
শুনে এদের সকলের আন্‌তারা ফাঁচকলিয়ে যাক।,তাদের সবাইকে নিয়ে আসতে দাও।
খাট যেখানে ছিল সেখান হইতে একটুখানি সরানো।,বিছানাটা যেখান থেকে ছিল সেখান থেকে একটু দূরে।
"কাব্যশাস্ত্রে মেয়েরাই অভিসার করে এসেছে, সংসারবিধিতে বাধা আছে বলেই কবিদের এই করুণা।","ারীরা কাব্যে আকৃষ্ট হয়েছে, কারণ পরিবারের নিয়ম-কানুনে বাধা রয়েছে, তাই কবিদের কর"
হাত আছে মাথাটা কই।,"তোমার হাত আছে, মাথা কোথায়?"
আপনার তুলনায় আমি কিছুই নই সে কথা নিশ্চয় জানবেন।,তুমি জানবে আমি তোমার চেয়ে বেশি কিছু নই।
কেটি মিটারের আসল নাম কেতকী।,কেটি মিটারের আসল নাম কেটকি।
ঠিক এইরকম কথা তোমার কাছে অনেকবার শুনেছি।,আমি তোমার কাছ থেকে অনেকবার এই কথাই শুনেছি।
আশ্রয় উপকূল জগৎ-সংসার ক্রমেই দূর হইতে দূরে চলিয়া যাইতেছে।,আশ্রয়ের উপকূল ধীরে ধীরে দূর থেকে দূরে সরে যাচ্ছে।
কিন্তু কোনো রাস্তা না পেয়ে ওর প্রাণ হাঁপিয়ে উঠছে।,কিন্তু কোন উপায় না থাকায় তার জীবন শ্বাসরুদ্ধ হয়ে যাচ্ছে।
অত্যন্ত বেশি ইন্‌টেলেক্‌চুয়াল।,এটা খুবই অন্তর্মুখী।
তোমারই যুগল-রূপ প্রকাশ হোক আমার জীবনে।,তোমার যুগল-রূপ আমার জীবনে প্রকাশ পাবে।
"বর দেবার শক্তি দেবতার আছে, কিন্তু বর নেবার শক্তি আমাদের থাকা চাই।",বর দেওয়ার ক্ষমতা ঈশ্বরের রয়েছে কিন্তু বর পাওয়ার জন্য আমাদের শক্তি থাকা দরকার।
"কাজের দিনে ব’সে ব’সে ছতলা বাড়ি গাঁথলেম, ছুটির দিনে একে একে সব-ক’টা তলা ধূলিসাৎ করতে হল।",াজের দিনে আমি ব'সে ছয়তলা একটা বাড়ি নির্মাণ করেছিলাম আর ছুটির দিনে আমাকে সমস্ত মেঝে
এ বিশ্বাস আমার ভাঙিয়ো না।,আমার বিশ্বাস ভেঙে ফেলবেন না।
তোমার থেকে কতদূরে!,তোমার থেকে কত দূরে!
আমার বয়স যথেষ্ট হইয়াছে; আমার কী শক্তি আছে আর কী নাই তাহার মীমাংসা হইয়া গিয়াছে।,"আমার বয়স অনেক বেশি; আমার কী আছে এবং কী নেই, তা নির্ধারণ করা হয়েছে।"
"তোমরা কী দেখিয়া, কতটুকু দেখিয়া ভোল।","তুমি কি দেখ, তুমি কতটুকু দেখ।"
পূজার আর বারো দিন বাকি আছে।,পূজার জন্য ১২ দিন বাকি আছে।
"রাজা বললেন, তুমি অন্ন নিয়ে চলো, আর আমাকে দেখিয়ে দাও সেইসব ফলমূল যা তুমি নিজে জড়ো করে খাও।","াজা বললেন, ""তুমি খাদ্য নিয়ে যাও, এবং আমাকে সেই ফল দেখাও, যা তুমি নিজে সং"
"প্রতিবেশী চন্দ্রমোহন তাহার ঘরের বাহিরে বসিয়া তামাক খাইতেছিল; সে কহিল, “কে ও।”","প্রতিবেশী চন্দ্রমোহন তাঁর বাড়ির বাইরে বসে তামাক খাচ্ছিলেন। তিনি বললেন, ""কে সে।"""
"প্রিয়ে, কাশীধামে বুঝি পঞ্চশর ত্রিলোচনের ভয়ে এগোতে পারেন না?","প্রিয়, আপনি কি কাশীধামে পঞ্চশর ত্রিলোচনের ভয়ে যেতে পারেন না?"
"আমাদের চেয়ে তিনি কিসে ছোটো যে, পিতা তাঁহাকে অপমান করিবেন?","সে আমাদের চেয়ে ছোট কেন যে, বাবা তাকে অপমান করবে?"
"কেটি ঝাঁজিয়ে উঠে মাথা নাড়া দিয়ে বললে, “আমরা তো জানি, এ বাড়িতে তাঁর যাওয়া-আসা আছে ” ।”","কেটি মাথা নেড়ে বলল, ""আমরা জানি সে এই বাড়িতে যাচ্ছে।"""
এমন সময় বিহারী ঘরে প্রবেশ করিল।,সে সময় বিহারী ঘরে প্রবেশ করে।
"এ কথা আমি ভালোরূপ বিবেচনা করে দেখে স্থির করেছি, স্ত্রীলোকের উৎসাহ পুরুষের সমস্ত বৃহৎ কার্যের মহৎ অবলম্বন।","মি এটা ভালভাবে বিবেচনা করে সিদ্ধান্ত নিয়েছি যে, নারীর উৎসাহ পুরুষের সমস্ত মহৎ কাজের এক মহান অবলম"
তার একমাত্র কারণ সমস্ত দেশ তোমাদের ব্রত নেয় নি।,"এর একমাত্র কারণ হল যে, সমস্ত দেশ আপনার অঙ্গীকার গ্রহণ করেনি।"
"আশাকে বিহারী ভালোবাসে, এ কথা যে এমন রূঢ় করিয়া, এমন গর্হিতভাবে মহেন্দ্র মুখে উচ্চারণ করিতে পারিবে, তাহা বিহারী স্বপ্নেও কল্পনা করে নাই।","িহারী এমনকি কল্পনাও করতে পারেনি যে, বিহারী আশাকে এত রূঢ়ভাবে ভালবাসতে পারে, মহেন্দ্র এমন উ"
গৌরবের আহ্বানে নেমেছিলেম কিন্তু লজ্জা বেড়ে উঠছে প্রতিদিন।,"আমি গৌরবের আহ্বান নিয়ে এসেছি, কিন্তু প্রতিদিন লজ্জা বাড়ছে।"
"যাও, নীচে যাও।","যাও, নিচে যাও।"
বিশ্বকর্মা আমারই ফর্মাস খাটছেন না কি?,বিশ্বকর্মা কি আমার ফরমাস নিয়ে কাজ করছে না?
এদের খাটাবার জন্যেই মোহ একটা মস্ত শক্তি।,তাদের কাজ করার জন্য মোহ এক বিরাট শক্তি।
ঠিক সেই মুহূর্তেই আমাদের ঠাকুরবাড়ি থেকে আরতির কাঁসর ঘণ্টা বেজে উঠল।,সেই মুহূর্তে আমাদের ঠাকুরবাড়ি থেকে আরতির ঘণ্টা বেজে উঠল।
এ টাকা ব্যাঙ্কে নিয়ে যায় সাধ্য কার?,এই টাকা কে ব্যাঙ্কে নিয়ে যেতে পারবে?
আপত্তি করবার মুখ ছিল না।,আপত্তি করার কোনো মুখ ছিল না।
"যোগ্যের জন্যে পৃথিবীতে অনেক পুরস্কার আছে, অযোগ্যের জন্যেই বিধাতা কেবল এই ভালোবাসাটুকু রেখেছিলেন।","যোগ্যদের জন্য পৃথিবীতে অনেক পুরস্কার রয়েছে, আর ঈশ্বর কেবল অযোগ্যদের জন্যই এই ভালবাসা রেখেছিলেন।"
আপনারই আন্তরিক মাহাত্ম্যে।,তোমার আন্তরিক মহিমায়।
"আমার স্বামী বলতেন, দরকার কী তোমার ঐ আসনের?","আমার স্বামী বলত, তোমার ঐ সিটে কি দরকার?"
"(শিক্ষকের প্রতি) ওস্তাদজি, আজ ছুটি।","(শিক্ষকের কাছে) মাস্টারজি, আজ ছুটি।"
"এইটুকু শ্রদ্ধা, এইটুকু বিশ্বাস, এখনো বাকি আছে!","শুধু সম্মান, একটু বিশ্বাস, এখনো বাকি আছে!"
"তার সাঁতার কাটতে মন, তার বনে বেড়াতে মন, সে গান করে, সে যন্ত্র বাজায়।","সে সাঁতার কাটতে, বনে হাঁটতে, গান গাইতে, যন্ত্র বাজাতে পছন্দ করে।"
"ব্যস্ত হয়ে জিগ‍্‍গেস করেছি, কী কাণ্ড।","আমি ব্যস্ত হয়ে জিজ্ঞেস করেছি, কী ব্যাপার।"
"* * * মাটি থেকে গড়া হয়, পুন হয় মাটি, আবার গড়িতে তারে দিনরাত খাটি।"," * * মাটি থেকে তৈরি, পুনরায় মাটি করা হয়, এবং তারটি মাটিতে দিনরাত কাজ"
যাতে সেটা উছলে উছলে শুকনো ধুলোয় মারা না যায় সেটা নিতান্তই করা চাই।,"যাতে এটা উত্থাপিত হয়, তা হলে আমরা শুষ্ক ধুলোয় মারা না যাই।"
"তুমি যে আশাকে ভালোবাস, সে কথা তুমি যখন নিজে জানিতে না, তখনো আমি জানিতাম।","আমি জানতাম, তুমি যে আশাকে ভালোবাসো, তা যখন তুমি জানতে পারো নি।"
আর ফিরল না।,আর সে ফিরে আসেনি।
"তবু কোনো বই-পড়া অভিজ্ঞতার সঙ্গে কিছুমাত্র না মিলিলেও, আশ্চর্য এই যে, তাহার উচ্চশিক্ষিত মন ভিতরে-ভিতরে একটি অপরূপ রসে পরিপূর্ণ হইয়া এই ছোটো মেয়েটির দিকে অবনত হইয়া পড়িয়াছিল।","িন্তু, বই পড়ার অভিজ্ঞতার সঙ্গে কোনো মিল না থাকা সত্ত্বেও, অবাক হওয়ার মতো বিষয় হল"
"আমি জানি, একজন ডাক্তার তাঁহার কোনো বিশেষ বন্ধুর কাছে আমাকে কনকচাঁপা বলিয়াছিলেন।","আমি জানি, একজন ডাক্তার আমাকে তার এক বিশেষ বন্ধুর কাছে কনকচাপা বলে অভিহিত করেছিলেন।"
"সেখানে গিয়া সে কী দেখিবে, কী শুনিবে, তাহার কিছুই ঠিকানা নাই।","সেখানে গিয়ে তিনি কী দেখতে পাবেন, কী শুনতে পাবেন, সেই বিষয়ে কোনো ঠিকানা নেই।"
আমরা কী করতে পারি!,আমরা কি করতে পারি?
বিপিন।,বিডেন।
নাগকেশরের সকল সোনালি রেণু যে বৃষ্টিতে ধুয়ে যায় এও কি সেই বৃষ্টিতেই ধুয়ে যাবে।,"নাগকেশরের সমস্ত সোনালি রেণু যে বৃষ্টিতে ধুয়ে যায়, তা কি বৃষ্টিতে ধুয়ে যাবে?"
"এইবার ভর করো আমার ‘পরে, বাণী দাও, বাণী দাও!","এখন আমার 'পরে' ভর দাও, আমাকে বার্তা দাও, আমাকে দাও!"
বস্তু নিয়ে মারামারি কাটাকাটি পড়ে গেছে।,বস্তু নিয়ে লড়াই চলছে।
আমারও সেই দশা।,আমার অবস্থাও একই।
আজ আমার সন্ধানে এক জায়গায় ম্যাঙ্গানিজের লক্ষণ যেন ধরা পড়েছিল।,"আজ, আমার খোঁজে, ম্যাঙ্গানিজের লক্ষণগুলো এক জায়গায় ধরা পড়েছিল।"
তাহারা অবশ্য তাহাদের মনিবদের কাছেই এইরূপ শিখিয়াছে নহিলে তাহারা সাহস করিত না।,"বশ্য, তারা তাদের প্রভুদের কাছ থেকে এই বিষয়টা শিখেছিল, তা না হলে তারা সাহস"
"বললেন, ‘ঐখানে রেখে গেলেম আমার সদ্‌গতি, আর সদ্‌গতি আমার দেশের’।","িনি বললেন, 'আমি সেখানে আমার ভালো গতি রেখে গেলাম, আর আমার দেশের ভালো গ"
"আশা কহিল, “কখনো না।”","আশা বলেছিল, ""কখনও না।"""
"জানলার কাছে গিয়ে দেখলুম, তিনি ঘোড়া ছুটিয়ে দিয়ে চলে গেলেন।","আমি যখন জানালায় গেলাম, আমি দেখলাম সে ঘোড়াটাকে ছেড়ে চলে গেছে।"
দেখিতে দেখিতে রুক্মিণী কাছে আসিয়া পৌঁছিল।,রুকমিনি কাছে এসে উপস্থিত হন।
"চন্দনে, হাতির দাঁতে, আর সোনামানিকে হাতি বোঝাই হল।","চন্দন, হাতির দাঁত এবং সোনামানিকে হাতি বোঝাই করা হয়েছিল।"
"প্রতাপাদিত্য উচ্চতর স্বরে ডাকিলেন, “প্রহরী।”","প্রতাপাদিত্য উচ্চকণ্ঠে বললেন, ""রক্ষী।"""
মাঠের মধ্যে রৌদ্রে রাখালদের বসিবার নিমিত্ত অশথ বট খেজুর সুপারি প্রভৃতির এক বন আছে– যুবরাজ তাহার মধ্যে গিয়া প্রবেশ করিলেন।,াঠে রাখালদের সূর্যে বসার জন্য অশথ বট খেজুর সুপারি ইত্যাদি বন ছিল - যুবরাজ সে
আমি কি তোমাদের মতো লিখিতে পড়িতে জানি।,আমি কি তোমার মতো পড়তে জানি?
মহেন্দ্র।,মহেন্দ্র।
"তাহার মুখ দেখিলেই বুঝিতে পারিবি, তার বুকে মৃত্যুবাণ বাজিয়াছে।","যখন তুমি তার মুখ দেখবে, তুমি বুঝতে পারবে যে তার বুকে একটা মৃত্যু হয়েছে।"
কার্তিকেয়।,কার্তিকেয়।
"সমস্ত শরীরের রক্ত আশার কানের মধ্যে গিয়া শব্দ করিতে লাগিল, সে চক্ষু মুদ্রিত করিল।",সমস্ত শরীরের রক্ত আশার কানে শব্দ করতে শুরু করে এবং সে তার চোখ মুদ্রিত করে।
"২ এক ছেলে এসে তাকে বললে, ‘আমরা খেলব।","২ একটা ছেলে এসে তাকে বলেছিল, 'আমরা খেলব।"
স্ত্রীলোকের মন!,মহিলাটির মন!
"আমি ভাই, বিভার কান্না দেখিতে পারি না।","ভাই, আমি বিভার কান্না দেখতে পাচ্ছি না।"
বাহিরে মস্‌মস্‌ শব্দ শুনা গেল।,বাইরে একটা মস মস শব্দ শোনা গেল।
কেটি তখন বেশি কথা বলতে শেখে নি।,কেটি বেশি কথা বলতে শেখেনি।
তুই যদি ছেড়ে যাস তা হলে আমার চিরজন্মের সাধনাকে আমি হারাব।,"তুমি যদি চলে যাও, তাহলে আমি আমার অনন্ত জীবনের অভ্যাস হারাব।"
"মুশকিল এই, এদের কাছে মরাটা শেষ প্রমাণ নয়, ওরা চক্ষু বুজে ঠিক করে রেখেছে তার উপরেও কিছু আছে।","টা কঠিন যে, মৃত্যুই তাদের শেষ প্রমাণ নয়, তারা চোখ বন্ধ করে রাখে এবং সিদ্ধান্ত "
"কে না জানে, তুমি ও পাড়ার লোটনগুণ্ডার দলের সর্দার নও।","কে জানে না, তুমি ঐ এলাকার লোটনগুন্ডার দলের নেতা নও।"
"আশার সাংসারিক অপটুতায় সে ক্ষণে ক্ষণে বিরক্ত হয়, কিন্তু প্রকাশ করিয়া বলে না।","তিনি ক্ষণিকের জন্য আশার পারিবারিক অদক্ষতায় বিরক্ত হন, কিন্তু তা প্রকাশ করেন না।"
সেই আঘাতের প্রতিঘাত স্বরূপে তাহার সমস্ত তরঙ্গিত হৃদয় বিনোদিনীর দিকে সবেগে ধাবমান হইতেছিল।,এই আঘাতের প্রতিঘাত হিসেবে তাঁর সমস্ত তরঙ্গিত হৃদয় বিনোদীর দিকে ছুটে যাচ্ছিল।
শ্রীশ।,শ্রীশ।
শাক-চুরি তো তাঁহার অভ্যাস নাই।,শাক-সবজি চুরি করা তার অভ্যাস নয়।
ভালো লাগিবার কথা নহে।,এটা ভাল হওয়ার কথা না।
"তিনি বললেন, তুমি একলা পারবে কেন?","সে বলল, তুমি একা কেন পারবে?"
আজ সন্ধ্যাবেলায় রায়গড় ছাড়িয়া যাইতেই হইবে বলিয়া উদয়াদিত্য স্থির করিয়া রাখিয়াছেন।,উদয়াদিত্য আজ সন্ধ্যায় রায়গড় ত্যাগ করার সিদ্ধান্ত নিয়েছেন।
হাজার হাজার ছেলে কোমর বেঁধে ধরল দড়ি।,হাজার হাজার ছেলে তাদের কোমর বেঁধে দড়িটা ধরে রেখেছিল।
"আমি বললুম, অত অসুবিধা করবার দরকার কী।","আমি বললাম, এত সমস্যা করার দরকার কি?"
গেলুম নীলুর বাড়িতে।,আমি নিলুর বাড়িতে গিয়েছিলাম।
"ভালোবেসে যদি দিই, তা হলে ভালোবেসেই নেবে না কেন?","আমি যদি তোমাকে ভালোবাসি, তাহলে তুমি কেন আমাকে ভালোবাসো না?"
এক জায়গায় মাঝখানে চর ফেলে দুভাগে চলে গিয়েছে নদী।,এক জায়গায় নদীটি মাঝখানে চর ফেলে দুই অংশে চলে গেছে।
"একে তো তার বেশভূষা বিধবার মতো নয়, তার পরে গুরুর উপদেশবাক্যের সে কাছ দিয়া যায় না, তার পরে এতবড়ো মহাপুরুষের এত কাছে থাকিলে আপনিই যে একটি সংযমে শুচিতায় শরীর মন আলো হইয়া ওঠে এর মধ্যে তার কোনো লক্ষণ নাই।","াঁর বেশভূষা বিধবার মতো নয়, কিন্তু তিনি গুরুর উপদেশের কাছাকাছি থাকেন না, ত"
"গলি হতবুদ্ধি হয়ে বলে, ‘এ কোন্ পাগলা দেবতার মাৎলামি!","গালিটা বিভ্রান্ত হয়ে বলল, ""এই পাগল দেবতার মাৎলামি কী!"
তার পরে যখন কোনোদিন এখানে ফিরে আসতে হবে তখন আমার আসনটি কি আর ফিরে পাব?,"এরপর, আমাকে কি কখনো এখানে ফিরে আসতে হবে, তখন আমি কি আমার আসন ফিরে পাব?"
এখন উহাকে বিদায় করিবার জন্য চুনি ছটফট করিতেছে।,এখন চুনি তাকে ছেড়ে যাওয়ার জন্য সংগ্রাম করছে।
অমরাবতী বাঁধা থাকবে মর্তে তাঁরই দরজায়।,অমরাবতীকে তার দরজার সাথে বেঁধে রাখা হবে।
এ তো ফিলজফি-পড়া মেয়ে নয়।,সে ফিলোসফি-পাঠানো মেয়ে নয়।
"সে বলেছিল, ‘সেই মানুষ আমার কাছে এল যে মানুষ আমার দূরের।","তিনি বলেছিলেন, ""সেই ব্যক্তি আমার কাছে এসেছিলেন, যিনি আমার কাছ থেকে অনেক দূরে ছিলেন।"
"বড়ো বড়ো পণ্ডিত ডাকা হল, যেখানে যত পুঁথি আছে তারা সব খুলে দেখলে।","বড় বড় পণ্ডিতদের ডাকা হতো, যারা সমস্ত বই খুলে দেখত।"
"কোথায় পাব, কী করে পাব, সেও কি একটা কথা!","আমি কোথায় পাব, কিভাবে পাব, সেও কি একটা জিনিস!"
তিনি স্থির করিয়াছেন তাঁহাকে ইচ্ছাপূর্বক অপমান করা হইয়াছে।,"তিনি সিদ্ধান্ত নিয়েছেন যে, তাকে ইচ্ছাকৃতভাবে অপমান করা হয়েছে।"
কিছুদিন আমার ক্লাসে মুখ দেখাবার জো রইল না।,কিছু সময়ের জন্য আমার ক্লাসে মুখ দেখানোর সুযোগ ছিল না।
"একদিন কী দুর্বুদ্ধি ঘটল, মনে হল, ফোর্ডকে যদি একটুখানি আভাস দিই যে, আমার উদ্দেশ্য নিজের উন্নতি করা নয়, দেশকে বাঁচানো, তা হলে স্বাধীনতাপূজারী আমেরিকার ধনসৃষ্টির জাদুকর বুঝি খুশি হবে, এমন-কি, আমার রাস্তা হয়তো করে দেবে প্রশস্ত।","কদিন আমি কী ভুল করলাম, আমি যদি ফোর্ডকে একটু ইঙ্গিত দেই যে আমার উদ্দেশ্য দেশকে র"
"যাই, আমাকে রাত্রে একটু পড়তে হবে।","যাই হোক, আমাকে রাতে একটু পড়তে হবে।"
"দেশে যত শিরোমণি চূড়ামণি আছে সবাইকে জিজ্ঞাসা করা গেল, ‘এমন হল কেন।","দেশে যত শিরোমণি আছে তাদের সবাইকে জিজ্ঞেস করা হলো, 'কেন এমন হল?"
"রসিকবাবু, আপনি আমাদের প্রতি অবিচার করবেন না– দায়ে পড়ে– রসিক।","রসিক বাবু, তুমি আমাদের প্রতি অন্যায় করবে না- এটা একটা দায়িত্ব-রসিক।"
"তুমি ভাবছ, নীলু লক্ষ্মীছাড়াকে নিয়ে তোমার বউদি রেগেই আছেন।",তুমি মনে করো তোমার বোন নিলু লক্ষ্মী ছাড়ার উপর রেগে আছে।
ওর ড্যাবা ড্যাবা চোখ দুটো দূরের থেকে লালায়িত স্পর্শে যেন আমার অপমান করে।,তার ড্যাবা ড্যাবা চোখ আমাকে দূর থেকে লাল স্পর্শে অপমান করে।
"পূর্বে রাত্রের প্রহরীদের বেতন কাটিয়াছিলেন, এখন তাহাদের প্রতি কারাবাসের আদেশ হইল।",এর আগে রাতের প্রহরীদের বেতন কেটে দেওয়া হয়েছিল আর এখন তাদের কারাদণ্ড দেওয়া হয়েছে।
সকাল হইতে ক্রমাগত টিপ টিপ করিয়া বৃষ্টি হইতেছে।,সকাল থেকে বৃষ্টি হচ্ছে।
বসন্ত রায়।,বসন্ত রায়।
অনায়াসে সব টাকাই নিয়ে আসতে পারত।,সব টাকাই সহজেই আনা যেত।
"যদি কিছু হয়–” প্রতাপাদিত্য বিরক্ত হইয়া কহিলেন, “হইবে আর কী?”","যদি কিছু ঘটে - প্রতাপাদিত্য বিরক্ত হয়ে বলেছিলেন, ""আর কী হবে?"""
শুনিয়া তাঁহার পক্ষে ধৈর্য রক্ষা করা একেবারে অসম্ভব হইল।,শুনে তার পক্ষে ধৈর্য ধরা অসম্ভব হয়ে পড়েছিল।
"আর-একটিবার, কেবল শেষবার, তেমনি করিয়া ভিতরে গিয়া ঘরের ছেলের মতো রাজলক্ষ্মীর সহিত কথা সারিয়া, একবার ঘোমটাবৃত আশাকে বোঠান বলিয়া দুটো তুচ্ছ কথা কহিয়া আসা তাহার কাছে পরম আকাঙ্ক্ষার বিষয় হইয়া উঠিল।","র একবার, শুধু শেষবারের মতো, সারিয়া বাড়ির ছেলের মতো, রাজুর সঙ্গে কথা বলার "
তবে ব্রাহ্মসমাজের যে দেবতাকে পানুবাবুর মতো লোকে পূজা করেন তিনি কি আর-এক জন কেহ?,"িন্তু পানুবাবুর মতো লোক যে ব্রাহ্ম সমাজের দেবতাকে পূজা করে, তিনি কি অন্য "
মহেন্দ্র।,মহেন্দ্র।
"তবুও বড়ো বয়সের মেয়ের সঙ্গে বাবা যে আমার বিবাহ দিলেন তাহার কারণ, মেয়ের বয়স বড়ো বলিয়াই পণের অঙ্কটাও বড়ো।","িন্তু, আমার বাবা যে একটা বড় মেয়ের সঙ্গে আমাকে বিয়ে করেছিলেন, সেটার কারণ হল, সেই মে"
এইটেকেই ওরা মনে করেছে নিদেন কালের লক্ষণ।,তারা এটাকেই নিদেন সময়ের চিহ্ন বলে মনে করেছিল।
"এই ওর অকৃত্রিম অবিবেক, এই যে উচিত-অনুচিতের বেড়া অনায়াসে লাফ দিয়ে ডিঙিয়ে চলা, এতেই মেয়েদের স্নেহ ওকে এত করে টানে।","ই তার আসল অবিবেক, যে কিনা সহজেই অনিচ্ছাকৃত বেড়ার উপর দিয়ে লাফ দিতে প"
বিপিন।,বিডেন।
"বহুদিন অনাদরের পর একটু আদর পাইলে যে অভিমান উথলিয়া উঠে, বিভা সেই অতিকোমল মৃদু অনন্তপ্রীতিপূর্ণ অভিমানে কাঁদিয়া ফেলিল।","নেকদিনের অবজ্ঞার পর একটু আদর পাওয়ার পর যে গর্ব জেগে ওঠে, বিভা সেই অতি "
"আনন্দময়ী মনে মনে ভাবিতে লাগিলেন, “আমার মন যে সমাজের সমস্ত সংস্কার কাটাইয়াছে সে তো কেবল ঐ গোরার স্নেহে।”","ুখী মনে তিনি ভাবতে শুরু করেন, ""আমার মন যে সমাজের সমস্ত সংস্কার সাধন করেছে তা কেবল "
পঞ্চু আমার মাস্টারমশায়ের একজন ভক্ত।,পঞ্চু আমার মাস্টারের ভক্ত।
তাতে ক্ষতি নেই।,এটা কোন ক্ষতি নয়।
কিন্তু বিহারীর মুখ আজ বিমর্ষ।,কিন্তু বিহারীর মুখ আজ বিষণ্ণ।
এখানে সবাই ধূসর আলোয় দিনের শেষ খেয়া পার হল।,এখানে সবাই ধূসর আলোয় দিনের শেষ ফেরি পার হলো।
"দাইকে বলত, ‘আহা দাই, মাথা খা, এই গাছের তলাটি খুঁড়ে দিয়ে রোজ একটু জল দিস।","িনি ডাইকে বলেছিলেন, ""আহ, মাই, মাথা খাও, এই গাছের তলা খুঁড়ে প্রতিদিন "
খোঁজ খোঁজ করিয়া বন্দুক জুটিল তো চকমকি জুটিল না।,"খোঁজ করে বন্দুক জোড়া লাগানো হলো, চকমকি জোড়া লাগানো হলো না।"
এখানে আর দুই দিন থাকিলে মাঝে মাঝে আপনাকে স্পর্শ করিয়া দেখিতে হইবে জীবিত আছি কি না।,"দি এখানে আর দুই দিন থাকে, তোমাকে মাঝে মাঝে স্পর্শ করতে হবে আমি জীবিত আছি কি"
"কী হবে সুবোধের ব্যারিস্টার হয়ে, কুমুর ভবিষ্যৎ ফতুর করে যদি তার দাম দিতে হয়?","ুবোধের ব্যারিস্টার হওয়ার কী হবে, যদি কুমোরের ভবিষ্যৎকে ফতুর করে মূল্য দিতে"
"মেয়েটি কান থেকে ফুল খসিয়ে রাজপুত্রের হাতে দিয়ে বললে, ‘এই নাও।","মেয়েটি তার কান থেকে ফুল বের করে রাজকুমারের হাতে দিয়ে বলল, ""এই যে।"
এ যেন কী-এক-রকম!,এটা একটা ধরনের ব্যাপার!
"তাহাকে মুখে সান্ত্বনা দিয়া কী হইবে, যখন বিনোদিনীকে পরিত্যাগ করিবার পথ মহেন্দ্র নিজের হাতে একেবারে বন্ধ করিয়া দিয়াছে আশা সংকোচে মরিয়া গিয়া বসিয়া রহিল।","হেন্দ্র যখন বিনোদীকে ছেড়ে যাওয়ার পথ পুরোপুরি বন্ধ করে দিলেন, তখন আশা ভয়ে মরিয়া হয়ে বসে র"
"রঘুপতি নক্ষত্ররায়কে কহিলেন, “কুমার, তুমি রাজা হইবে।”","রঘুপতি নক্ষত্ররায়কে বললেন, ""কুমার, তুমি হবে রাজা।"""
"বিভার কাছে যে-সব ছেলেমেয়ে মানুষ হচ্ছে, ও তাদের পড়ায় সাহায্য করে।","যে-ছেলেমেয়েরা বিভার কাছে বড় হচ্ছে, তাদের পড়তে সাহায্য করে।"
"অমূল্য চাদরের ভিতর তেকে একটা পুঁটলি বের করে বললে, দিদি, ছ-হাজার টাকা এনেছি।","মূল্য চাদরের মধ্যে একটা পুঁটলি বের করে বলল, বোন, আমি ছয় হাজার টাকা ন"
"এঁদের নূতন আদর, পাতে যা পড়ছে তাতেই খুশি হচ্ছেন।","তাদের নতুন স্নেহ, তারা তাদের প্লেটে যা পড়ে তাতে খুশি।"
"সেই কানমলা না যায় ছাড়ানো, তার থেকে না যায় পালানো, তার বিরুদ্ধে না চলে নালিশ, তার সম্বন্ধে না আছে বিচার।","ানমলা না যায়, তার কাছ থেকে পালিয়ে না যায়, তার বিরুদ্ধে অভিযোগ না "
"ঠাট্টার মতো মোটেই শোনাচ্ছে না, ভয়ানক কড়া, কথা একেবারে খট্‌খটে শুকনো।","এটা মোটেও মজার মনে হচ্ছে না, এটা খুব কঠিন, এটা খুব শুষ্ক।"
"মা বললে, ‘এখন বর এলেই হয়।","মা বললেন, 'এখন বর আসবে।"
একদিন সন্ধ্যাবেলায় ক্যাশবাক্স নিয়ে হিসেব মেলাতে বসেছিলুম।,একদিন সন্ধ্যায় আমি ক্যাশবক্স নিয়ে হিসাব করতে বসেছিলাম।
"শ্রীশ কহিল, “আসুন রসিকবাবু, আপনি উঠছেন না যে।”","শ্রীশ বললেন, ""চলো রসিকবাবু, তুমি উঠছো না।"""
আমাদের দলবল ভিতরে ভিতরে ছড়িয়ে গেছে।,আমাদের দল ভিতরে ছড়িয়ে পড়েছে।
আর আমাদের সুকুমারমূর্তি অবলাকান্তবাবুকে কোনো স্ত্রীলোক পুরুষ বলে জ্ঞানই করে না।,আর আমাদের সুকুমারমূর্তি অবলাকান্ত বাবুকে পুরুষ হিসেবে বিবেচনা করে না।
ওরা নিজের হাতে সৃষ্টি করবার নেশায় যখন মেতে ওঠে তখন সৃষ্টিকর্তার সৃষ্টিকে চুরমার করতেই ওদের আনন্দ।,"ারা যখন নিজেদের হাতে সৃষ্টি করার অভ্যাস গড়ে তোলে, তখন সৃষ্টিকর্তার সৃষ্টিকে ভেঙে ফেলার আনন্দ তাদের আ"
"তোমার মা, তোমার বোন?","তোমার মা, তোমার বোন?"
"আপনারা সর্বদাই অপরাধ করবার সুযোগ পান এবং সেজন্যে দণ্ডভোগ করে কৃতার্থ হন, আমি দৈবক্রমে একটা অপরাধ করবার সুবিধা পেয়েছিলুম, কিন্তু এতই অধম যে দণ্ডনীয় বলেও গণ্য হলেম না, ক্ষমা পাবার যোগ্যতাও লাভ করলেম না!","পনি সবসময় অপরাধ করার সুযোগ পান আর তাই আমি দুর্ঘটনাবশত অপরাধ করার সুযোগ পেয়েছি, কিন্তু আমি"
"হয়তো সেখানে পাড়া হইতে রাজ্যের ছেলে জোটাইয়া বসিবে, নয় তো কোন্‌ গোরার সঙ্গে মারামারি বাধাইয়া দিবে–কিছু বলা যায় না।","য়তো রাষ্ট্রের ছেলে প্রতিবেশী থেকে আসবে, অথবা কোন গোরার সাথে যুদ্ধ করবে- কিছুই বলা যায"
আমি আপত্তি করিব!,আমি আপত্তি করব!
"এখন আর একটা মাথার অনুসন্ধান কর্‌, আমি জবাব দিলাম।","এখন তোমার মাথা তল্লাশি করো, আমি উত্তর দিলাম।"
সন্ধান করিয়া কি খবর লওয়া যায় না।,অনুসন্ধান করে আমরা কি খবর পেতে পারি না।
সাবেক বাসায় থাকতে হঠাৎ তোমার ডায়ারি হারিয়েছিল।,তোমার আগের বাড়িতে থাকার সময় হঠাৎ করেই তোমার ডায়ারি হারিয়ে গিয়েছিল।
সকালবেলায় বৈষ্ণব ভিক্ষুক খোল-করতাল বাজাইয়া গান জুড়িয়া দিয়াছিল।,সকালে বৈষ্ণব ভিক্ষুক খোল-করতাল বাজিয়ে গান গায়।
স্বর্গ নেই।,এখানে কোন স্বর্গ নেই।
মেয়েরা যে এখানে কোনো-এক জায়গায় আছে তাহা লক্ষ্য করা সে অশিষ্টতা বলিয়া গণ্য করিল।,"িনি মনে করেছিলেন যে, মেয়েরা এখানে কিছু একটা জায়গায় আছে, তা লক্ষ করা অশিষ"
"আমার বিশ্বাস, আমাদের দলের যারা আপনি ঝরে পড়ে, ইন্দ্রনাথ আমার মতোই তাদের ঝেঁটিয়ে ফেলে পুলিসের পাঁশতলায়।","মি বিশ্বাস করি, আমাদের দলের যারা বাইরে পড়ে গেছে, ইন্দ্রনাথ আমার মতো তাদের পুলিশ স্টেশনের "
ঐ নগ্ন আসবাবের স্বর্গ থেকে আমার বিদায়।,নগ্ন আসবাবপত্রের স্বর্গ থেকে বিদায়।
"তোমাদের শক্তি তোমাদের নিজের নয়, ও মহামায়ার।","তোমার শক্তি তোমার নিজের নয়, সে মহামায়া।"
গোরা ছাতের উপর দাঁড়াইয়া পূর্ব দিকের রক্তিম আকাশে চাহিয়া একটি দীর্ঘ-নিশ্বাস ফেলিল।,গোরা ছাদের ওপর দাঁড়িয়ে পূর্ব দিকের লাল আকাশের দিকে তাকিয়ে দীর্ঘ নিঃশ্বাস ফেলল।
"সেইজন্যেই দেখিতেছি , আমার ভিতরকার শ্মশানচারী সন্ন্যাসীটা অট্টহাস্যে আপনাকে আপনি পরিহাস করিতে বসিয়াছে।",তাই আমি দেখতে পাচ্ছি আমার ভিতরের শ্মশানচারী সন্ন্যাসীটি তোমাকে নিয়ে হাসাহাসি করছে।
"রমেশ গাজিপুরে প্র্যাকটিস করিতেছিল, এতদিন নিজেকে যথেষ্ট গোপনেই রাখিয়াছিল, ইতিমধ্যে এমন কী ঘটিল যাহাতে সে সেখানকার প্র্যাকটিস ছাড়িয়া দিয়া আবার সাহসপূর্বক কলুটোলার গলির মধ্যে আত্মপ্রকাশ করিবার জন্য উপস্থিত হইয়াছে।","মেশ গাজীপুরে অনুশীলন করছিলেন, অনেক দিন ধরে নিজেকে গোপন রেখেছিলেন, এমন কিছু ঘটেছিল যে তিনি সেখানে অনু"
বিপিন।,বিডেন।
এ কথা আর বুঝতে বাকি নেই যে আমার মধ্যে একটা-কিছু আছে যেটা– কী বলব?,আমার কাছে এমন কিছু আছে যা আমি আর বুঝতে পারছি না - কী বলতে হবে?
ভোরেবেলায় উঠে চিঠিখানি নিয়ে দেবদারুর ছায়ায় সেই বাঁকা পথে সে বেড়াতে বেরোল।,সকালে ঘুম থেকে উঠে তিনি চিঠিটা নিয়ে দেবদারুর ছায়ায় ঘুরে বেড়াতে বের হন।
যাইতে যাইতে সম্মুখের পায়ে ভর দিয়া অশ্ব তিন বার পড়িয়া গেল।,ঘোড়াটা সামনের পায়ে তিন বার পড়ে গেল।
এর পাশেই শোবার ঘর।,এর পাশেই শোবার ঘর।
সেণ্টেন্স আর বড়ো বড়ো শব্দগুলো মুখস্থ করা আমার পক্ষে ভারি শক্ত হবে।,আমার পক্ষে সেন্টেন্স আর বড় শব্দ মনে রাখা কঠিন হবে।
"অন্নদাবাবুরা যে কাশীতে আছেন, কোন্‌দিন রমেশ কোথা হইতে সে খবর পাইবে এবং নিশ্চয়ই সেখানে গিয়া হাজির হইবে।","অন্নদাবাবুরা যে কাশীতে আছেন, রমেশ কোথা থেকে খবর পাবেন আর অবশ্যই সেখানে আসবেন।"
শৈল।,শৈল।
শৈল।,শৈল।
আমার স্বামীর অন্তরের একটি গভীর বেদনা তাঁর মুখের উপর ছায়া ফেলে চলে গেল।,আমার স্বামীর হৃদয়ে এক গভীর ব্যথা তার মুখের ওপর ছায়া ফেলে গিয়েছিল।
"আমি মনে মনে জানলুম, এ আমার সতীত্বের তেজ।","আমি আমার মনে জানতাম যে, এটা আমার কুমারীত্বের শক্তি।"
"হইয়া আপনাকে দেখিতাম, মুগ্ধ হইতাম এবং ভালোবাসিতাম এবং আদর করিতাম, অথচ প্রাণের ভিতরে একটা দীর্ঘনিশ্বাস সন্ধ্যাবাতাসের মতো হূহূ করিয়া উঠিত।","মি তোমাকে দেখতাম, মুগ্ধ হতাম এবং ভালবাসতাম এবং ভালবাসতাম, কিন্তু আমার হৃদয়ে একটা দীর্ঘশ্বাস সন্ধ"
"উনি আমার সম্পর্কে নাতি হন– সেইজন্যে ওঁর সম্বন্ধে আমার রসনা কিছু শিথিল, যদি কখনো এক বলতে আর বলি সেটা মাপ করবেন।","ে আমার সম্পর্কে নাতি- তাই তার সম্পর্কে আমার রসবোধ কিছুটা শিথিল, যদি আমি কখনো তাক"
সেইজন্যে বাঁচবার শখ মেটাবার জন্যে এমন কিছুকে সে খুঁজে বেড়ায় যা প্রাণের চেয়ে অনেক বেশি।,"াই, তিনি বেঁচে থাকার শখ মেটানোর জন্য এমন কিছু খুঁজে থাকেন, যা তার জীবনের চেয়ে আরও "
এই ছোটো একটি অপরূপ পরিপূর্ণতাকে চারদিকে ভ্রূকুটি করে ঘিরে আছে বড়োনামওআলা বড়োছায়াওআলা বিকৃতি।,এই ছোট সুন্দর পরিপূর্ণতা বড়নামওআলা বড়ছায়াওআলা বিকৃতি দ্বারা বেষ্টিত।
সমস্ত বিশ্বাসের কাজ এর হাত দিয়েই সম্পন্ন হয়।,সমস্ত বিশ্বাসের কাজ এর হাত দিয়ে করা হয়।
"নিজের ‘পরে ওর বিশ্বাস যেমন, ওর প্রতি ওর সহযোগীদের তেমনি বিশ্বাস।","তার নিজের ""পরে"" তার বিশ্বাস, তার সহযোগীদের বিশ্বাস।"
দুঃসাধ্য তাঁর তপস্যা।,এটা তার কাজ।
