novel_name,tokenized_sentence
একটি গহিন গ্রাম,"রাস্তার পাশে রিকশা-ভ্যানটা থামিয়ে রিকশাওয়ালা নেমে গামছা দিয়ে মুখ মুছে বলল, ""আর সামনে যাবে না।"
একটি গহিন গ্রাম,বাকিটা হেঁটে যেতে হবে।
একটি গহিন গ্রাম,"আজকাল যেখানেই কিছুদিন পরে যান, গিয়ে জায়গাটা চিনতে পারেন না।"
একটি গহিন গ্রাম,ফাঁকা একটা জায়গা বাড়িঘরে ঘিঞ্জি হয়ে যায়।
একটি গহিন গ্রাম,"এই এলাকার কোনো পরিবর্তন হয়নি, সেই ছোট থাকতে যে রকম দেখেছিলেন, এখনো সে রকমই আছে।"
একটি গহিন গ্রাম,"রাশা রিকশা-ভ্যানে পা তুলে বসেছিল, এবার নেমে পড়ে।"
একটি গহিন গ্রাম,"গত রাতে তারা রওনা দিয়েছে, সারা রাত ট্রেনে কেটেছে, সকালে নেমে বাস ধরেছে।"
একটি গহিন গ্রাম,"বাসের পর স্কুটার, তারপর রিকশা-ভ্যান।"
একটি গহিন গ্রাম,বাকিটা হেঁটে যেতে হবে।
একটি গহিন গ্রাম,রাশা অন্যমনস্কভাবে চারপাশে তাকাল কিন্তু খুব ভালো করে কিছু দেখল বলে মনে হয় না।
একটি গহিন গ্রাম,"একটু আগে জলার ধারে গাছের ওপর একটা মাছরাঙা পাখি বসেছিল, এত সুন্দর রঙিন পাখি সে জীবনে কখনোই দেখেনি, কিন্তু তার পরও পাখিটা দেখে তার ভেতরে কোনো আনন্দ হলো না।"
একটি গহিন গ্রাম,"আসলে তার ভেতরটা এখন মনে হয় মরে গেছে, আনন্দ বা দুঃখ কোনো অনুভূতিই হচ্ছে না।"
একটি গহিন গ্রাম,"মনে হচ্ছে, চার পাশে যেটা ঘটছে তার পুরোটাই একটা দুঃস্বপ্ন।"
একটি গহিন গ্রাম,"মনে হচ্ছে, এক্ষুণি তার ঘুম ভেঙে যাবে, আর ঘুম থেকে উঠে দেখবে, সে তার ঘরে কম্পিউটারের সামনে বসে আছে।"
একটি গহিন গ্রাম,"রাশা জানে, এটা দুঃস্বপ্ন নয়, সত্যি।"
একটি গহিন গ্রাম,"তাই সম্পূর্ণ অপরিচিত এক ধরনের দুঃখ, হতাশা আর আতঙ্কে বুকের ভেতরটা অসাড় হয়ে আছে।"
একটি গহিন গ্রাম,"আম্মু রিকশা-ভ্যান থেকে নেমে রাশাকে বললেন, ‘নেমে আয় মা।"
একটি গহিন গ্রাম,হেঁটে যেতে হবে।
একটি গহিন গ্রাম,পারবি না?
একটি গহিন গ্রাম,রিকশাওয়ালা ভ্যান থেকে আম্মুর ছোট ব্যাগ আর রাশার বড় স্যুটকেসটা নামাল।
একটি গহিন গ্রাম,এই স্যুটকেসের মধ্যে তার বাকি জীবনটা কাটানোর জন্য যা যা লাগবে সেটা আঁটানো হয়েছে।
একটি গহিন গ্রাম,"আম্মু বারবার বলেছেন, ‘যা যা লাগবে সব নিয়ে নে মা।"
একটি গহিন গ্রাম,আর তো নিতে পারবি না।
একটি গহিন গ্রাম,অনেকটা অন্যমনস্কভাবে হাতের কাছে যা পেয়েছে স্যুটকেসে ভরেছে।
একটি গহিন গ্রাম,সে তখনো বিশ্বাস করেনি যে সত্যি সত্যি এটা ঘটছে।
একটি গহিন গ্রাম,"স্যুটকেসের মধ্যে তার কিছু জামাকাপড় আছে, কিছু বই।"
একটি গহিন গ্রাম,"তার কম্পিউটারটা আনতে পারলে হতো, কিন্তু আম্মু বলেছেন, তারা যেখানে যাচ্ছে তার আশপাশে কোথাও ইলেকট্রিসিটি নেই।"
একটি গহিন গ্রাম,"তা ছাড়া এত বড় একটা কম্পিউটার, সেটা আনবে কেমন করে?"
একটি গহিন গ্রাম,এই স্যুটকেসটা আনতেই কত ঝামেলা হয়েছে।
একটি গহিন গ্রাম,রাশা রিকশা-ভ্যান থেকে টেনে স্যুটকেসটা নামাল।
একটি গহিন গ্রাম,"নিচে চাকা লাগানো আছে, রাস্তা ভালো হলে টেনে নেওয়া যেত।"
একটি গহিন গ্রাম,কাদামাটির এই কাঁচা রাস্তায় কেমন করে নেবে সে জানে না।
একটি গহিন গ্রাম,"আম্মু রিকশাওয়ালাকে বললেন, ‘আমি কিন্তু আজকেই ফিরে যাব।"
একটি গহিন গ্রাম,মনে আছে তো?
একটি গহিন গ্রাম,"কাউকে
পাওয়া যাবে?"
একটি গহিন গ্রাম,কেউ নিয়ে যাবে না তো?
একটি গহিন গ্রাম,কেউ নিবে না।
একটি গহিন গ্রাম,এই গাঁও-গেরামে সবাই সবাইরে চিনে।
একটি গহিন গ্রাম,"আম্মু মাঝেমধ্যে থেমে রাশার সঙ্গে একটা-দুইটা কথা বলার চেষ্টা করেছেন কিন্তু রাশা হু-হ্যাঁ ছাড়া আর কিছু বলেনি, তাই আলাপ বেশি দূর এগোতে পারেনি।"
একটি গহিন গ্রাম,গ্রামের কাঁচা রাস্তায় হাঁটতে হাঁটতে রাশা দুই পাশে তাকাচ্ছিল।
একটি গহিন গ্রাম,"যদি স্কুলের সব ছেলেমেয়েকে নিয়ে এখানে পিকনিক করতে আসত তাহলে এতক্ষণে চারপাশের খেত, মাঠ, খাল, গাছপালা, গরু, ছাগল, পাখি—এসব দেখে সবাই উচ্ছ্বসিত হয়ে উঠত।"
একটি গহিন গ্রাম,"সবাই মিলে মাঠে দৌড়াদৌড়ি করত, খালের পানিতে লাফঝাঁপ দিত, গরু-বাছুর ধরে ছবি তুলত।"
একটি গহিন গ্রাম,"এখন সবকিছুকে মনে হচ্ছে, পুরোপুরি অর্থহীন।"
একটি গহিন গ্রাম,"মেঠোপথে মানুষজন খুব বেশি নেই, হঠাত্ এক-দুইজনকে দেখা যায়, তারা তখন কৌতূহলী হয়ে তাদের দিকে মাথা ঘুরিয়ে ঘুরিয়ে তাকায়।"
একটি গহিন গ্রাম,"রাশাও একবার ঘুরে একটা মেয়ের দিকে তাকাল, আট-নয় বছরের শুকনো লিকলিকে একটা মেয়ে, কুচকুচে কালো গায়ের রং, মাথার লাল চুল রুক্ষ—বাতাসে উড়ছে, খালি গা, শুধু একটা বেঢপ প্যান্ট পরে আছে।"
একটি গহিন গ্রাম,"হাতে একটা চিকন বাঁশের কঞ্চি, সেটা হাতে নিয়ে উদাস মুখে সে একটা বিশাল ষাঁড়কে নিয়ে যাচ্ছে।"
একটি গহিন গ্রাম,"ষাঁড়ের মাথায় ধারালো শিং, লাল ক্রুদ্ধ চোখ দেখে রাশার ভয়ে বুক কেঁপে ওঠে, কিন্তু এই লিকলিকে ছোট মেয়েটির বুকে কোনো ভয়ডর নেই, রাশা অবাক হয়ে তার দিকে তাকিয়ে থাকে ।"
একটি গহিন গ্রাম,"একটা বড় বটগাছের নিচে দাঁড়িয়ে আম্মু বললেন, “ওই যে তালগাছটা দেখছিস, সেটা হচ্ছে তোর নানু বাড়ি।”"
একটি গহিন গ্রাম,"আম্মু বললেন, “আগে দুইটা
তালগাছ ছিল, একটা বাজ পড়ে পুড়ে গেছে।”"
একটি গহিন গ্রাম,"রাশা এবারেও কোনো কথা বলল না, ‘তাকিয়ে কল্পনা করার চেষ্টা করল, দুটো তালগাছ হলে সেটা কেমন দেখাত ।"
একটি গহিন গ্রাম,"ধীরে ধীরে রাস্তাটা আরও সরু হয়ে গেল, একেবারে শেষে একটা বাঁশের সাঁকো পার হতে হলো।"
একটি গহিন গ্রাম,"আম্মু তাঁর স্যান্ডেল দুটো খুলে হাতে নিয়ে নিলেন, রাশা জুতো পরেই পার হয়ে গেল।"
একটি গহিন গ্রাম,"কিছু ঝোপঝাড় পার হয়ে একটা বিবর্ণ টিনের ঘরের সামনে দাঁড়িয়ে আম্মু বললেন, ‘এইটা তোর নানু বাড়ি।"
একটি গহিন গ্রাম,"টেলিভিশনে মাঝেমধ্যে যখন কোনো গ্রামগঞ্জের খবর দেখায়, তখন সে খবরের মধ্যে এ রকম বাড়ির ছবি দেখেছে—এই প্রথমবার সত্যি সত্যি দেখল।"
একটি গহিন গ্রাম,"বাইরের টিনের ঘরের পাশ দিয়ে আম্মু ভেতরে ঢুকলেন, মাঝখানে খালি একটা উঠান, তার দুই পাশে দুটি ঘর।"
একটি গহিন গ্রাম,"একটা ঘরে টিনের ছাদ, অন্যটার খড়ের ছাউনি।"
"রিটিন
",বিশাল হলঘরের মাঝখানে একটা গ্রানাইটের টেবিল।
"রিটিন
",টেবিলের অন্যপাশে সোনালি চুলের মাঝবয়সী একজন মহিলা বসে তীক্ষ্ণ চোখে রিটিনের দিকে তাকিয়ে আছে।
"রিটিন
","রিটিন খুব মনোযোগ দিয়ে তার হাতের নখগুলো পরীক্ষা করছে, তাকে দেখলে মনে হবে এই মুহূর্তে তার হাতের নখগুলো দেখা খুবই জরুরি।"
"রিটিন
","সোনালি চুলের মহিলা জোর করে মুখে একটা হাসি ফুটিয়ে বলল, “তুমি কী করতে
চাও?”"
"রিটিন
",আমি লেখাপড়া করতে চাই।
"রিটিন
",লেখাপড়া করে গবেষণা করতে চাই।
"রিটিন
",তুমি খুব ভালো করে জান কে কী করবে সেটি পূর্ব নির্ধারিত।
"রিটিন
",গত একশ বছর থেকে মানুষকে জেনেটিক উপায়ে ডিজাইন করা হয়।
"রিটিন
",যারা লেখাপড়া করবে তাদের সেভাবে ডিজাইন করতে হয়।
"রিটিন
",তোমাকে করা হয়নি।
"রিটিন
",আমাকে আমি ডিজাইন করিনি।
"রিটিন
","তোমাকে করা হয়নি, তুমি ক্যাটাগরি সি মানুষ।"
"রিটিন
","ক্যাটাগরি সি মানুষ লেখাপড়া করে না, গবেষণা করে না।"
"রিটিন
","তারা শারীরিক পরিশ্রমের কাজ করে”
রিটিন সোনালি চুলের মহিলাকে বাধা দিয়ে বলল, “আমি এসব জানি।”"
"রিটিন
",যদি আমার লেখাপড়ার সুযোগ থাকত আমি সায়েন্স ইনস্টিটিউটে গিয়ে ভর্তি হয়ে যেতাম।
"রিটিন
","তার নিয়ম নেই, তারা আমাকে সেখানে ঢুকতেই দেবে না।"
"রিটিন
",তাই আমি তোমার কাছে এসেছি।
"রিটিন
",যেখানে নিয়ম থাকে সেখানেই নিয়ম পরিবর্তনের উপায় থাকে।
"রিটিন
","নিয়ম ভাঙার জন্যে নিয়ম করা হয় না-”
“নিয়ম ভাঙা আর নিয়ম পরিবর্তন করা এক জিনিস নয়।”"
"রিটিন
",আমি নিয়ম ভাঙতে চাইছি না একটুখানি পরিবর্তন করতে চাইছি।
"রিটিন
",আমাকে পরীক্ষা করে দেখা হোক আমি লেখাপড়া করার উপযুক্ত কি না।
"রিটিন
",দেখা হোক আমি ক্যাটাগরি এ মানুষের সমান পর্যায়ের কি না।
"রিটিন
",তার পরে সুযোগ দেয়া হোক!
"রিটিন
","সেই পরীক্ষাটার ফল অনুযায়ী তুমি ক্যাটাগরি সি-”
রিটিন হঠাৎ একটু ঝুঁকে মহিলাটির দিকে তাকিয়ে বলল, “তুমি কি মানুষ না রোবট?”"
"রিটিন
",সম্পর্ক আছে।
"রিটিন
",তুমি যদি রোবট না হয়ে মানুষ হতে তাহলে তুমি সম্পর্কটা ধরতে পারতে।
"রিটিন
",যেহেতু ধরতে পারছ না তার অর্থ তুমি রোবট।
"রিটিন
",আমি শুধু শুধু একটা রোবটের সাথে কথা বলে সময় নষ্ট করলাম।
"রিটিন
",ইচ্ছাও নেই।
"রিটিন
","সত্যি কথা বলতে কি, আমার এখন সন্দেহ হচ্ছে টেবিলের ঐ পাশে তুমি কি আসলেই আছ নাকি এটাও একটা হলোগ্রাফিক ছবি।"
"রিটিন
",আমি কি তোমাকে ছুঁয়ে দেখতে পারি?
"রিটিন
",এটি শালীনতার মাঝে পড়ে না।
"রিটিন
",আর একটা হলোগ্রাফিক ছবিকে ছোঁয়ার চেষ্টা করলে শালীনতা নষ্ট হয়?
"রিটিন
","তবে-”
“তবে কী?”"
"রিটিন
",না!
"রিটিন
","মেটাকোড—”
রিটিন মহিলাটির কথার কোনো গুরুত্ব না দিয়ে বলে যেতে থাকে, “ছয় ছয় তিন ছয় নয় আট শূন্য-” মহিলাটি তীক্ষ্ণ একটি যন্ত্রণার শব্দ করল, তারপর থরথর করে কাঁপতে থাকলে।”"
"রিটিন
","কপালের ভেতর থেকে একটা আলো জ্বলতে শুরু করে, শরীরে কেমন জানি খিচুনি হতে থাকে।"
"রিটিন
","রিটিন বিকল হতে শুরু করা রোবটটার দিকে তাকিয়ে বলতে থাকল, “সাত চার দুই ছয় পাঁচ চার দুই পাঁচ—-”
ইচ্ছা করলে সে আরো বলতে পারত কিন্তু আর প্রয়োজন নেই।”"
"রিটিন
",রোবটটি পুরোপুরি বিকল হয়ে গেছে!
"রিটিন
",সংখ্যা বলা থামিয়ে রিটিন হেঁটে যেতে থাকে।
"রিটিন
",বিশাল হলঘরের শেষ মাথায় দরজা।
"রিটিন
","রিটিন জানে আসলে এটা বিশাল হলঘর নয়, এটা ছোট একটা খুপরি।"
"রিটিন
",আলো অন্ধকারের খেলা দিয়ে বিশাল হলঘরের একটা অনুভূতি দেয়া হয়েছে।
"রিটিন
","এই যে সে দরজার দিকে হেঁটে যাচ্ছে, তার মনে হচ্ছে অনেক দূরে হলঘরের শেষ মাথায় দরজা, আসলে দরজাটি একেবারে হাতের কাছে, পায়ের নিচে মেঝেটুকু সরে যাচ্ছে তাই পৌঁছাতে সময় লাগছে।"
"রিটিন
",সবকিছুই আসলে এক ধরনের প্রতারণা।
"রিটিন
","সত্যি বিষয়গুলো কখনোই কাউকে জানানো হয় না, সবসময়েই প্রতারণা করা হয়।"
"রিটিন
",এটাকে কেউ অবশ্যি আর প্রতারণা মনে করে না।
"রিটিন
",সবাই এটাকেই জীবনের অংশ হিসেবে মেনে নিয়েছে।
"রিটিন
",হলঘরের দরজা খুলে বের হয়ে রিটিন একটা নিঃশ্বাস ফেলল।
"রিটিন
","তার জীবনের একটাই স্বপ্ন ছিল সে লেখাপড়া করবে, গবেষণা করবে।"
"রিটিন
",ক্যাটাগরি সি মানুষের সেই সুযোগ নেই এটাও সে জানে।
"রিটিন
",কিন্তু তার ধারণা ছিল তাকে কথা বলার সুযোগ দিলে সে ব্যাপারটা বুঝিয়ে দিতে পারবে।
"ইস্টিশন
","মায়া চিৎকার করে বলল, “টেরেন আহে।”"
"ইস্টিশন
",টেরেন!
"ইস্টিশন
",সে আসলে বলার চেষ্টা করেছে”ট্রেন আসছে-ট্রেন!
"ইস্টিশন
","তাকে কেউ অবশ্যি সেটা শুদ্ধ করে দেবার চেষ্টা করে না, কারণ রেলস্টেশনে সে অন্য যে কয়জন বাচ্চা-কাচ্চার সাথে থাকে তারাও ট্রেন আর টেরেন কিংবা ড্রাম আর ডেরামের মাঝে পার্থক্যটা ভালো করে ধরতেও পারে না, বলতেও পারে না।"
"ইস্টিশন
","মায়ার চিৎকার শুনে জালাল আর তার সাথে সাথে অন্যেরাও মাথা ঘুরিয়ে রেল লাইনের দিকে তাকাল, দূরে ট্রেনটাকে দেখা যাচ্ছে-আন্তঃনগর জয়ন্তিকা।"
"ইস্টিশন
",পাকা দেড়ঘণ্টা লেট।
"ইস্টিশন
","জালালের হাতে একটা তরমুজের টুকরা, তার মাঝে যেটুকু খাওয়া সম্ভব সেটুকু সে অনেক আগেই খেয়ে ফেলেছে তারপরেও সে অন্যমনস্কভাবে টুকরাটাকে কামড়া-কামড়ি করছিল।"
"ইস্টিশন
","তরমুজটা এনেছে মজিদ, ফুট মার্কেটের পাশে দিয়ে আসার সময় প্রত্যেক দিনই সে কলাটা না হয় আপেলটা চুরি করে আনে।"
"ইস্টিশন
",স্টেশনে এসে সে প্লাটফর্মের রেলিংয়ে বসে পা দুলিয়ে দুলিয়ে সবাইকে দেখিয়ে তৃপ্তি করে খায়।
"ইস্টিশন
",আজকে সে কীভাবে জানি আস্ত একটা তরমুজ নিয়ে এসেছে।
"ইস্টিশন
","কলাটা কিংবা আপেলটা চুরি করে আনা সম্ভব, তাই বলে আস্ত একটা তরমুজ?"
"ইস্টিশন
","কীভাবে এতো বড় একটা তরমুজ চুরি করে এনেছে মজিদকে সেটা জিজ্ঞেস করে অবশ্যি কোনো লাভ হল না, সে কিছুই বলতে রাজি হল না।"
"ইস্টিশন
",আস্ত একটা তরমুজ মজিদের একার পক্ষে খেয়ে শেষ করা সম্ভব না তাই সে আজকে অন্যদেরও ভাগ দিয়েছে।
"ইস্টিশন
",তরমুজটা ভাগাভাগি করার সময় অবশ্যি মায়া কিংবা মরি মতো ছোট বাচ্চাগুলো বেশি সুবিধে করতে পারেনি।
"ইস্টিশন
","জালাল, জেবা আর শ হজাহানের মতো একটু বড়রাই তরমুজটা কাড়াকাড়ি করে নিয়েছে।"
"ইস্টিশন
","ট্রেনটা আরো কাছে চলে এসেছে, রেল লাইনে হালকা একটা কাঁপুনি টের পাওয়া যাচ্ছে।"
"ইস্টিশন
",জালাল তার হাতের তরমুজের টুকরাটা রেললাইনে ছুঁড়ে ফেলে দিয়ে উঠে দাঁড়াল।
"ইস্টিশন
",তারপর হঠাৎ সবাই একসাথে হইহই করে ট্রেনের দিকে ছুটতে শুরু করে।
"ইস্টিশন
",জালাল কিংবা মায়ার মতো যারা স্টেশনেই থাকে তাদের কাছে ট্রেনটাই হচ্ছে বেঁচে থাকার উপায়।
"ইস্টিশন
",এই ট্রেনের ওপরেই তাদের থাকা-খাওয়া সবকিছু নির্ভর করে।
"ইস্টিশন
","ট্রেনে যে যত আগে উঠতে পারবে কিছু একটা আয় রোজগার করার সম্ভাবনা তার তত বেড়ে যাবে, তাই সবাই ট্রেন থামার আগেই লাফিয়ে সেটাতে ওঠার চেষ্টা করে।"
"ইস্টিশন
",সবার আগে জালাল বিপজ্জনকভাবে লাফ দিয়ে ট্রেনের একটা বগিতে উঠে গেল।
"ইস্টিশন
","প্রায় সাথে সাথে জেবা, মজিদ, শাহজাহানও লাফিয়ে একেকজন একেকটা বগিতে উঠে পড়ল।"
"ইস্টিশন
","মায়া কিংবা মতির মতো যারা ছোট, যারা এখনো লাফিয়ে চলন্ত ট্রেনে ওঠা শিখেনি তারা ট্রেনটার পাশাপাশি ছুটতে থাকে-ট্রেনটা থামলে যত তাড়াতাড়ি সম্ভব তারা ট্রেনে উঠবে।"
"ইস্টিশন
",ট্রেনের বগিতে উঠেই জালাল সতর্ক চোখে প্যাসেঞ্জারদের লক্ষ করে।
"ইস্টিশন
","ট্রেন দেড়ঘণ্টা লেট করে এসেছে তাই প্যাসেঞ্জারদের পেটে খিদে, সবাই কম-বেশি ক্লান্ত, সবারই মেজাজ কম-বেশি খারাপ।"
"ইস্টিশন
",এর মাঝে জালালের মতো রাস্তার একটা বাচ্চাকে ট্রেনের মাঝে ছোটাছুটি করতে দেখে তাদের মেজাজ আরো গরম হয়ে উঠতে লাগল।
"ইস্টিশন
","জালালের মতোই অন্যেরাও ট্রেনের বগিতে ছোটাছুটি করে সিটের উপরে, সিটের নিচে তাকাতে তাকাতে এগিয়ে যায়।"
"ইস্টিশন
","খালি পানির বোতল, ফেলে যাওয়া চিপসের প্যাকেট, খবরের কাগজ, আধ খাওয়া আপেল কুড়াতে কুড়াতে তারা ছুটতে থাকে।"
"ইস্টিশন
","তাদের ছোট ছোট নোংরা শরীরের ধাক্কা খেয়ে প্যাসেঞ্জাররা খুবই বিরক্ত হয়, দুই একজন মুখ খিঁচিয়ে তাদের গালাগালিও করে।"
"ইস্টিশন
",বাচ্চাগুলো অবশ্যি সেই গালাগালকে কোনো পাত্তা দেয় না।
"ইস্টিশন
","তারা পথে-ঘাটে গালাগাল চড়-থাপড় খেয়ে বড় হয়েছে, মুখের গালাগাল তাদের জন্যে কোনো ব্যাপারই না।"
"ইস্টিশন
",সত্যি কথা বলতে কী তারা এই গালাগাল ভালো করে শুনতেও পায় না।
"ইস্টিশন
","জালাল প্যাসেঞ্জারদের চোখ-মুখের দিকে তাকিয়ে মাঝারি বয়সের একজনকে বের করল, মানুষটা ব্যাগ হাতে নিয়ে দাঁড়িয়ে আছে।"
"ইস্টিশন
",ট্রেন থেমে যাবার সাথে সাথে নেমে যাবার জন্যে ব্যস্ত।
"ইস্টিশন
",চেহারা দেখে মনে হয় মানুষটার মাঝে একটু দয়া-মায়া আছে।
"ইস্টিশন
","জালাল কাছে গিয়ে মাথাটা বাঁকা করে নিজের চেহারার মাঝে একটা দুঃখি দুঃখি ভাব ফুটিয়ে নিয়ে নিচু গলায় বলল, “স্যার!”"
"ইস্টিশন
",ব্যাগটা নিয়া দেই?
"ইস্টিশন
",যা-ভাগ।
"ইস্টিশন
",কিছু খাই নাই।
"ইস্টিশন
",পেটে ভুখ।
"ইস্টিশন
",স্টেশনের পাশে জালালীয়া হোটেল এন্ড রেস্টুরেন্ট।
"ইস্টিশন
",সকালবেলা সেখানে যখন মুরগি জবাই করছে তখন একটা মুরগি কেমন করে জানি ছুটে গেল।
"ইস্টিশন
",কঁক কঁক করে ডাকতে ডাকতে সেটা নালার উপর দিয়ে দৌড়াতে লাগল।
"ইস্টিশন
",শুধু তাই না মুরগি হওয়ার পরও পাখির মতো ডানা ঝাঁপটিয়ে উড়ে সেটা রেলওয়ে গেস্ট হাউজের দেয়ালের উপর উঠে গেল।
"ইস্টিশন
",জালাল সেই দুর্ধর্ষ মুরগিটাকে ধরে এনে দিয়েছে।
"ইস্টিশন
",হোটেল ম্যানেজার সেই জন্যে তাকে দুপুরবেলা এক পেট খেতে দিয়েছে।
"ইস্টিশন
","ভাত, বিফ ফ্রাই আর ডাল।"
"ইস্টিশন
","হোটেলের রান্নাঘরের কাছে যেখানে মোটা মোটা মহিলারা বসে পেঁয়াজ কাটে সেখানে বসে সে অনেকদিন পর তৃপ্তি করে খেয়েছে- যতবার বলেছে”আরো ভাত” ততবার তাকে ভাত দিয়েছে, সাথে বিফ ফ্রাইয়ের ঝোল আর ডাল।"
"ইস্টিশন
",তারপর স্টেশনে এসে মজিদের চুরি করে আনা তরমুজের বিশাল একটা টুকরা খেয়েছে।
"ইস্টিশন
","কাজেই পেটে আর যাই থাকুক খিদে নাই-কিন্তু এই কথাগুলো
তো আর প্যাসেঞ্জারদের জানার দরকার নেই।"
"ইস্টিশন
","জালাল মুখ আরো কাচুমাচু করে বলল, “ব্যাগটা নিয়া দেই?”"
"ইস্টিশন
",পেটে খিদা একটু ভাত খামু।
"

আরো টুনটুনি ও আরো ছোটাচ্চু",টুনিদের স্কুলের সবচেয়ে ভয়ঙ্কর ম্যাডামের নাম মারদানা ম্যাডাম।
"

আরো টুনটুনি ও আরো ছোটাচ্চু",মহিলাদের গোঁফ থাকার কথা না কিন্তু টুনিদের স্কুলে বলাব আছে।
"

আরো টুনটুনি ও আরো ছোটাচ্চু","কথাটা শুনে অনেকেই ভুরু কুঁচকাতে পারে, একজন মানুষের গোঁফ আছে কি নেই সেটা নিয়ে বলাবলি করার কী আছে?"
"

আরো টুনটুনি ও আরো ছোটাচ্চু",তার মুখের দিকে তাকালেই তো সেটা দেখা যাবে।
"

আরো টুনটুনি ও আরো ছোটাচ্চু","কিন্তু আসলে তার মুখের দিকে তাকালে সেটা বোঝা যায় না, তার কারণ মারদানা ম্যাডামের গায়ের রং কুচকুচে কালো এবং তার গোঁফ যদি আসলেই থেকে থাকে সেটার রংও কুচকুচে কালো, তাই সেটা আলাদা করে দেখা যায় না।"
"

আরো টুনটুনি ও আরো ছোটাচ্চু","খুব কাছে গেলে অবশ্যই সেটা দেখা যাবে, কিন্তু কার ঘাড়ে দুইটা মাথা আছে যে মারদানা ম্যাডামের কাছে গিয়ে পরীক্ষা করবে তার গোঁফ আছে কি নেই!"
"

আরো টুনটুনি ও আরো ছোটাচ্চু","যে সমস্ত ছেলেমেয়েদেরকে মারদানা ম্যাডাম কাঁচা চিবিয়ে খেয়েছেন (ঠিক আক্ষরিক অর্থে না, ভয়ঙ্কর শাস্তি দেওয়ার অর্থে) তারা সবাই এক বাক্যে স্বীকার করেছে যে মারদানা ম্যাডামের নাকের নিচে ঝাঁটার মতো কালো গোঁফ।"
"

আরো টুনটুনি ও আরো ছোটাচ্চু",তারা আরো বলেছে যে তার চোখের মাঝে মোটা হয়ে থাকা লাল লাল রক্তনালি-সেগুলো নাকি দপদপ করে কাঁপে এবং তার মুখে নাকি মাংসাশি প্রাণীর মতো গন্ধ।
"

আরো টুনটুনি ও আরো ছোটাচ্চু","যাই হোক এর সবগুলো পরীক্ষা করে দেখা সম্ভব না, কাজেই কেউ কখনো এই বিষয়গুলো নিশ্চিত করার চেষ্টা করেনি।"
"

আরো টুনটুনি ও আরো ছোটাচ্চু","টুনিদের ক্লাশ মনিটর বলেছে মানুষ যখন বুড়ো হয় তখন নাকি সবার আগে গোঁফ পাকতে শুরু করে, কাজেই যদি সত্যি সত্যি মারদানা ম্যাডামের গোঁফ থেকে থাকে তাহলে আর কয়েক বছরের ভেতর সেগুলো পেকে সাদা হয়ে যাবে, তখন তার কুচকুচে কালো রঙের মাঝে সাদা গোঁফ খুব স্পষ্টভাবে দেখা যাবে।"
"

আরো টুনটুনি ও আরো ছোটাচ্চু",তখন সব বিতর্ক বন্ধ হয়ে যাবে।
"

আরো টুনটুনি ও আরো ছোটাচ্চু",এই যে ভয়ঙ্কর মারদানা ম্যাডাম তার থেকেও ভয়ঙ্কর স্যার হচ্ছে মতিউর স্যার।
"

আরো টুনটুনি ও আরো ছোটাচ্চু",এই স্যার নিয়েও স্কুলে নানা রকম গুজব চালু আছে।
"

আরো টুনটুনি ও আরো ছোটাচ্চু","যে গুজবটা সবচেয়ে বেশি চালু সেটা
লি করা হয় যে মারদানা ম্যাডামের গোঁফ হচ্ছে উনিশ শ' একাত্তর সালে মতিউর স্যার রাজাকার কমান্ডার ছিল, দেশ স্বাধীন হলে গ্রামের মানুষেরা ধরে তার কান কেটে দিয়েছে।"
"

আরো টুনটুনি ও আরো ছোটাচ্চু","মতিউর স্যারের ডান কানটা নাকি রাবারের তৈরি, প্রত্যেক দিন সকালে স্কুলে আসার সময় সুপার গ্লু দিয়ে কানটা নাকি লাগিয়ে নেয়।"
"

আরো টুনটুনি ও আরো ছোটাচ্চু","বিষয়টা পরীক্ষা করা খুব সোজা, ডান কানটা ধরে একটা হঁচকা টান দিলেই সেটা নিশ্চয়ই খুলে আসবে কিন্তু সেটা কে করবে?"
"

আরো টুনটুনি ও আরো ছোটাচ্চু",তবে শোনা যায় পাস করে বের হয়ে গেছে এরকম একজন ছাত্রী নাকি কিরা কেটে বলেছে যে মতিউর স্যার একবার খুব জোরে হাঁচি দিয়েছিল তখন তার ডান কানটা খুলে এসেছিল-সে সেটা নিজের চোখে দেখেছিল।
"

আরো টুনটুনি ও আরো ছোটাচ্চু",সত্যি সত্যি কথাটা কে বলেছে সেটা অবশ্যি কখনোই প্রমাণ করা সম্ভব হয়নি।
"

আরো টুনটুনি ও আরো ছোটাচ্চু","মতিউর স্যারের অনেকগুলো বেত আছে, একটা শিলং থেকে আনা হয়েছে, একটা বান্দরবানের, আরেকটা নেত্রকোনার।"
"

আরো টুনটুনি ও আরো ছোটাচ্চু",সরকার থেকে বেত মারা নিষেধ করে দেওয়ার পর মতিউর স্যারের মনের দুঃখে প্রায় হার্ট এটাকের মতো অবস্থা হয়েছিল।
"

আরো টুনটুনি ও আরো ছোটাচ্চু","মতিউর স্যার এখনো মাঝে মাঝে ক্লাশে বেতগুলো নিয়ে আসে, বাতাসে শপাং শপাং করে মারে আর ছাত্রছাত্রীদের দিকে লোলুপ দৃষ্টিতে তাকিয়ে থাকে।"
"

আরো টুনটুনি ও আরো ছোটাচ্চু",যেহেতু বেত মারতে পারে না তাই গালিগালাজ করে মনের ঝাল মেটায়।
"

আরো টুনটুনি ও আরো ছোটাচ্চু",তার গালির মতো বিষাক্ত গালি পৃথিবীতে আর কোথাও নেই।
"

আরো টুনটুনি ও আরো ছোটাচ্চু","যাকে একবার স্যার গালি দেয় কমপক্ষে এক মাস
তার মন-মেজাজ খারাপ থাকে।"
"

আরো টুনটুনি ও আরো ছোটাচ্চু",এই যে ভয়ঙ্কর মতিউর স্যার তার থেকেও ভয়ঙ্কর হচ্ছে নার্গিস ম্যাডাম!
"

আরো টুনটুনি ও আরো ছোটাচ্চু",কথাটা শুনে সবাই মনে করতে পারে নার্গিস ম্যাডাম বুঝি দেখতে মারদানা ম্যাডাম আর মতিউর স্যার থেকেও ভয়ঙ্কর।
"

আরো টুনটুনি ও আরো ছোটাচ্চু","কিন্তু আসলে সেটা সত্যি নয়, নার্গিস ম্যাডাম দেখতে অসাধারণ।"
"

আরো টুনটুনি ও আরো ছোটাচ্চু","দূর থেকে তাকে দেখলে মনে হয় সিনেমার নায়িকা, শুকনো পাতলা ছিপছিপে, ঠোঁটে লাল লিপস্টিক, চুলগুলো ফুলিয়ে-ফাঁপিয়ে রাখা, সেখানে বেলী ফুলের মালা, পরনে আকাশী-নীল তাঁতের শাড়ি।"
"

আরো টুনটুনি ও আরো ছোটাচ্চু",কথাবার্তা শুনলে মনে হয় ইন্ডিয়ান বাংলা সিরিয়ালের নায়িকা কথা বলছে।
"

আরো টুনটুনি ও আরো ছোটাচ্চু",কিন্তু যারা তাকে চিনে তারা সবাই জানে নার্গিস ম্যাডাম হচ্ছে ভয়ঙ্কর থেকেও ভয়ঙ্কর।
"

আরো টুনটুনি ও আরো ছোটাচ্চু",শুধু চোখের দৃষ্টি দিয়ে নার্গিস ম্যাডাম যে কোনো ছাত্র কিংবা ছাত্রীর শরীরের সব রক্ত শুষে নিতে পারেন।
"

আরো টুনটুনি ও আরো ছোটাচ্চু","একবার নাকি ক্লাশ নাইনের একজন ছাত্রীর দিকে নার্গিস ম্যাডাম তিরিশ সেকেন্ড কোনো কথা না বলে তাকিয়ে ছিলেন, সেই ছাত্রী বাসাতে গিয়েই অসুস্থ হয়ে পড়ল।"
"

আরো টুনটুনি ও আরো ছোটাচ্চু",হাসপাতালে গিয়ে তাকে দুই ব্যাগ এ পজিটিভ রক্ত দিতে হয়েছিল!
"

আরো টুনটুনি ও আরো ছোটাচ্চু",নার্গিস ম্যাডাম যখন ক্লাশে আসেন তখন ক্লাশের ছেলেমেয়েরা মাঝে মাঝে ভয়ে নিঃশ্বাস নিতেও ভুলে যায়।
"

আরো টুনটুনি ও আরো ছোটাচ্চু","শোনা যায়, নার্গিস ম্যাডাম যদি নিচু ক্লাশের কোনো ছেলের কিংবা মেয়ের দিকে তাকিয়ে বলেন, ‘এই ছেলে' কিংবা ‘এই মেয়ে' তাহলে নাকি তাদের কাপড়ে বাথরুম হয়ে যায়।"
"

আরো টুনটুনি ও আরো ছোটাচ্চু","সেই ভয়ঙ্কর নার্গিস ম্যাডাম একদিন টুনিদের ক্লাশে এসে টুনির দিকে তাকিয়ে বললেন, “এই মেয়ে!”"
"

আরো টুনটুনি ও আরো ছোটাচ্চু","নার্গিস ম্যাডামের দিকে সরাসরি তাকানোর সাহস কারো নেই, তাই টুনি তার নাকের দিকে তাকিয়ে বলল, “জি ম্যাডাম।”"
"

আরো টুনটুনি ও আরো ছোটাচ্চু","নার্গিস ম্যাডাম বললেন, “সেই দিন টেলিভিশনে দেখলাম একজন বড় সন্ত্রাসীকে ধরেছে বলে পুলিশ একটা প্রাইভেট ডিটেকটিভকে পুরস্কার দিচ্ছে।”"
"

আরো টুনটুনি ও আরো ছোটাচ্চু","নার্গিস ম্যাডাম বললেন, “তোমাকে দেখলাম সেই প্রাইভেট ডিটেকটিভের পাশে সাজুগুজু করে দাঁড়িয়ে ছিলে।”"
"

আরো টুনটুনি ও আরো ছোটাচ্চু","টুনি ফ্যাকাসে মুখে বলল, “জি ম্যাডাম।”"
"আমি তপু
",কোন কিছু বোঝার আগেই তপুর জীবনটা হঠাৎ করে পালটে গেলো চিরদিনের মতোই।
"আমি তপু
","দেখতে দেখতে তার আপনজনেরা দূরে সরে যেতে থাকে, এক সময় তপু আবিষ্কার করে সে একা।"
"আমি তপু
",একেবারেই একা।
"আমি তপু
",নিঃসঙ্গ কিশোরের এই দুঃসহ জীবনে বন্ধুত্বের হাত বাড়িয়ে দিল তার বিচিত্র সব সঙ্গী সাথী।
"আমি তপু
",তাদের নিয়ে সে কী পাড়ি দিতে পারবে তার বান্ধবহীন নিষ্ঠুর এই জীবন?
"আমি তপু
",আমি তপু নিঃসঙ্গ এক কিশোরের বেঁচে থাকার ইতিহাস।
"আমি তপু
",নিষ্ঠুরতার ইতিহাস এবং ভালবাসার ইতিহাস।
"আমি তপু
","০১. একা একা
আমার নাম তপু।"
"আমি তপু
",ভাল নাম আরিফুল ইসলাম।
"আমি তপু
",আমি বি.কে. সরকারি হাই স্কুলে ক্লাস এইটে পড়ি।
"আমি তপু
","আমাদের ক্লাসে এখন আটচল্লিশজন ছেলে-মেয়ে, তার মাঝে আমার রোল নম্বর পঁয়তাল্লিশ।"
"আমি তপু
","আমি বেশি লম্বা-চওড়া না, মোটামুটি ছোটখাটো সাইজ।"
"আমি তপু
",আমার বয়স তেরো কিন্তু নিজের কাছে মনে হয় আমার বয়স বুঝি চল্লিশের কাছাকাছি।
"আমি তপু
","আমি জানি কেউ আমার কথা শুনলে একটুও বিশ্বাস করবে না, বলবে, ক্লাস এইটে পড়ে একটা ছেলের কাছে খামোখা।"
"আমি তপু
",নিজের বয়স চল্লিশ মনে হবে কেন?
"আমি তপু
",কিন্তু কথাটা সত্যি আমি একটুও বাড়িয়ে বলি নাই।
"আমি তপু
","আমার আব্বু যখন গাড়ি একসিডেন্টে মারা গেলেন তখন আমার বয়স ছিল দশ, আমি তখন পড়ি ক্লাস ফাইভে।"
"আমি তপু
","তারপর তিন বৎসর পর হয়েছে, এই তিন বৎসরে আমি তিন ক্লাস ওপরে উঠেছি।"
"আমি তপু
",কিন্তু আব্বু মারা যাবার পর প্রত্যেকটা বৎসর আমার কাছে মনে হয়েছে দশ বৎসরের মতো লম্বা একজন মানুষের দশ বৎসরে যে অভিজ্ঞতা হবার কথা আমার এক বৎসরেই সেই অভিজ্ঞতা হওয়া শুরু করল।
"আমি তপু
",তাই আমার সব সময় মনে হয় গত তিন বৎসরে আমার বয়স বেড়েছে তিরিশ বৎসর।
"আমি তপু
",সেই জন্যে বলছিলাম সব সময় আমার মনে হয় আমার বয়স প্রায় চল্লিশ।
"আমি তপু
",একজন চল্লিশ বছর বয়সের মানুষ যেভাবে চিন্তা করে আমিও মনে হয় সেইভাবে চিন্তা করি অনেকটা বুড়ো মানুষের মত।
"আমি তপু
","আমি যখন আসলেই বুড়ো হব তখন কী হবে কে জানে, তবে আমার মনে হয় সত্যি সত্যি বুড়ো হবার অনেক আগেই আমি মরে যাব।"
"আমি তপু
",কেন আমি এতো তাড়াতাড়ি বুড়ো মানুষের মতো হয়ে গেছি সেটা খুব বেশি মানুষ জানে না।
"আমি তপু
",যারা আমাকে বাইরে থেকে দেখে তাদের ধারণা আমার আব্বু মারা যাবার পর আমি বখে গিয়েছি।
"আমি তপু
","সেটা তারা ভাবতেই পারে, আমি তাদের একটুও দোষ দিই না।"
"আমি তপু
","আগে আমি পড়াশোনায় অসম্ভব ভাল ছিলাম, শুধু যে পরীক্ষায়, ফার্স্ট হতাম তাই না, যে সেকেন্ড হতো সে কখনো আমার ধারেকাছে আসতে পারত না।"
"আমি তপু
",এখন আমার পরীক্ষায় পাস করা নিয়েই ঝামেলা—আটচল্লিশজন ছেলেমেয়ের মাঝে কোনমতে টেনেটুনে আমি হয়েছি পঁয়তাল্লিশ নম্বর।
"আমি তপু
","আমার ধারণা সামনের বছর আমি পঁয়তাল্লিশ নম্বরও হতে পারব না, ক্লাস এইটেই আটকা পড়ে যাব।"
"আমি তপু
",অঙ্ক ছাড়া আর কোন বিষয়ে আমি পাস করতে পারব না।
"আমি তপু
","আমি যে শুধু পড়াশোনাতে খারাপ হয়েছি তা না, আমার আচার- ব্যবহার স্বভাব-চরিত্র সবকিছু খারাপ হয়ে গেছে।"
"আমি তপু
","আমি কারো সাথে ভাল করে কথা বলি না, খুব সহজে অন্যদের গালাগালি করতে পারি-ভয়ংকর ভয়ংকর খারাপ গালি আমি শিখে গেছি।"
"আমি তপু
","শুধু যে গালাগালি করতে পারি তা না, মারামারিও করতে পারি।"
"আমি তপু
","আমার গায়ে যে খুব জোর তা না-কিন্তু মারামারি করার জন্যে আসলে বেশি গায়ের জোর দরকার হয় না, যেটার দরকার সেটা হচ্ছে সাহস।"
"আমি তপু
",সেটা আজকাল আমার ভালই হয়েছে বড় ক্লাসের ছেলেদেরকেও আমি মাঝে মাঝে ধামকি-ধমকি দিয়ে ফেলি।
"আমি তপু
","আমাদের ক্লাসের ভাল ছেলেরা আমার কাছেই আসে না, আর মেয়েদের কথা তো ছেড়েই দিলাম- আমি যদি কখনো তাদের চোখের দিকে তাকাই তাহলেই তারা মনে হয় ভয়ের চোটে ভ্যা করে কেঁদে ফেলবে।"
"আমি তপু
","আমি নোংরা কাপড় পরে স্কুলে আসি, চুল থাকে উষ্কখুষ্ক চেহারার মাঝে সবসময় একটা হতচ্ছাড়া ভাব থাকে, আমাকে দেখে আজকাল কেউ কল্পনাও করতে পারবে না যে আমি এক সময় স্কুলের নিখুঁত একটা ভাল ছেলে ছিলাম।"
"আমি তপু
","কবিতা আবৃত্তি করতাম, ডিবেট করতাম, এমনকী স্কুলের বার্ষিক নাটকে আমি ছোট রাজপুত্রের অভিনয় করে একবার রূপার মেডেল পর্যন্ত পেয়েছিলাম।"
"আমি তপু
",আমার বড় আপু কিংবা ভাইয়া এখনো নিখুঁত ভালো মেয়ে আর নিখুঁত ভালো ছেলে শুধু আমি অন্য রকম।
"আমি তপু
","আমার বড় আপুর নাম ঈশিতা, এখন ইউনিভার্সিটিতে পড়ে।"
"আমি তপু
",শাড়ি পরে আপু যখন ইউনিভার্সিটিতে যায় তখন পাড়ার ইউনিভার্সিটি-কলেজে যাওয়া ছেলেরা হাঁ করে তাকিয়ে থাকে আর লম্বা লম্বা দীর্ঘশ্বাস ফেলে।
"আমি তপু
","আমার ভাইয়ার নাম রাজীব, সে যখন কলেজ থেকে এসে একটা টি শার্ট পরে ক্রিকেট ব্যাট নিয়ে খেলতে বের হয় তখন কম বয়সী মেয়েরা চোখের কোণা দিয়ে তার দিকে তাকিয়ে নিজেরা একজন আরেকজনের সাথে ফিসফিস করে কথা বলে খিলখিল করে হাসে।"
"আমি তপু
",শুধু আমি অন্য রকম-আমার দিকে কেউ ঘুরে তাকায় না।
"আমি তপু
","যারা আমাদের ভাল করে চিনে না তাদের ধারণা আমার আম্মুর দুই ছেলে-মেয়ে, আপু আর ভাইয়া।"
"আমি তপু
",আমি তাদের খুব দূর সম্পর্কের কোন গরিব হতভাগা আত্মীয়ের বখে যাওয়া ছেলে আর তারা দয়া করে আমাকে তাদের বাসায় থাকতে দিয়েছে।
"আমি তপু
","প্রথম প্রথম পুরো ব্যাপারটা নিয়ে আপু আর ভাইয়া খুব অস্বস্তি বোধ করত, আজকাল করে না।"
"আমি তপু
",অনেক দিন হলো মেনে নিয়েছে-ধরেই নিয়েছে তারা হলো আমার আম্মুর সত্যিকারের ছেলে-মেয়ে আর আমি তাদের আপন ভাই হয়েও বাইরের একজন মানুষ।
"আমি তপু
",এর শুরুটা ছিল খুব কষ্টের।
"আমি তপু
",আব্বু মারা যাবার পর প্রথম ধাক্কাটা সামলে নেবার পর আমরা প্রথম যেদিন খেতে বসেছি তখন সবাই দেখেছি আম্মু কিছু খেতে পারছেন না।
"আমি তপু
",প্লেটের খাবার হাত দিয়ে নাড়াচাড়া করতে করতে হঠাৎ শাড়ির আঁচল দিয়ে চোখ মুছলেন।
"আমি তপু
","সেটা দেখে আমাদেরও চোখে পানি এসে গেলো, আব্বু যেই চেয়ারটায় খেতে বসতেন সেই চেয়ারটা আছে কিন্তু আব্বু নাই ব্যাপারটা চিন্তা করেই আমার বুকের ভেতরটা হু হু করে উঠল।"
"আমি তপু
",আমিও নিজেকে সামলাতে না পেরে হঠাৎ ফুপিয়ে কেঁদে উঠলাম।
"আমি তপু
","আম্মু তখন আমার দিকে তীক্ষ্ণ দৃষ্টিতে তাকিয়ে বললেন, তপু তুই কাঁদছিস
কেন?"
"আমি তপু
","আমি কাঁদতে কাঁদতে বললাম, আব্বুর কথা মনে পড়ছে আম্মু।"
"আমার ডেঞ্জারাস মামী
","হ্যাঁ, এক শব্দে যদি কেউ আমার জীবনটাকে ব্যাখ্যা করতে চায় তাহলে সেই শব্দটা হবে বিভীষিকা।"
"আমার ডেঞ্জারাস মামী
","কেউ যেন মনে না করে আমার চারপাশে যারা আছে তারা বুঝি সবাই মিলে আমার জীবনটাকে বিভীষিকাময় করে রেখেছে, মোটও সেরকম কিছু নয়।"
"আমার ডেঞ্জারাস মামী
","বরং উলটোটাই সত্যি-আমার বাসার সবাই, স্কুলের বন্ধু-বান্ধব (এক দুজন রাক্ষস টাইপ স্যার ম্যাডাম ছাড়া), অন্য সব স্যার ম্যাডাম সবাই খুবই ভালো মানুষ।"
"আমার ডেঞ্জারাস মামী
","সত্যি কথা বলতে কী, আমিই একটু পাজী টাইপের, ইচ্ছা না থাকলেও কীভাবে কীভাবে জানি একটার পর একটা ঝামেলা পাকিয়ে ফেলি।"
"আমার ডেঞ্জারাস মামী
",কিন্তু তারপরেও আমার নিজের কাছে মনে হয় আমার জীবনটা একটা মূর্তিমান বিভীষিকা।
"আমার ডেঞ্জারাস মামী
","আমাদের বাসায় আছেন আব্বু, আম্মু, বড়ো বোন মিলা, আমি টুলু আর ছোটো ভাই পিলু।"
"আমার ডেঞ্জারাস মামী
",আন্ধুকে দিয়ে শুরু করা যাক।
"আমার ডেঞ্জারাস মামী
",আব্বু হচ্ছেন পৃথিবীর সবচেয়ে ভুলোভালা মানুষ।
"আমার ডেঞ্জারাস মামী
",এরকম একজন মানুষ কেমন করে কলেজের প্রফেসর হতে পারেন আমি সেটা চিন্তা করেও পাই না।
"আমার ডেঞ্জারাস মামী
",আমার মাঝে মাঝেই মনে হয় আব্বু নিশ্চয়ই মাঝেমধ্যে ভুলভাল কলেজে গিয়ে ভুলভাল ছাত্রছাত্রীদের পড়িয়ে চলে আসেন।
"আমার ডেঞ্জারাস মামী
",পড়ানও নিশ্চয়ই ভুলভাল জিনিস কিন্তু আজকালকার ছাত্রছাত্রীরা সেটা মনে হয় বুঝতেও পারে না।
"আমার ডেঞ্জারাস মামী
","আর কাজকর্ম দেখে আম্মু মাঝে মাঝেই মাথা নেড়ে বলেন, “আমার সাথে বিয়ে না হলে তোমার যে কী হতো!”"
"আমার ডেঞ্জারাস মামী
",তুমি আমাকে বিয়ে করেছিলে বলেই টিকে আছি।
"আমার ডেঞ্জারাস মামী
",কোন মেয়ের মাথা খারাপ হয়েছে যে তোমাকে বিয়ে করবে?
"আমার ডেঞ্জারাস মামী
",আমার সন্দেহ হয় যে আম্মু কী বলেছেন আব্বু এর মাঝে সেটাও নিশ্চয়ই ভুলে গেছেন।
"আমার ডেঞ্জারাস মামী
","যাই হোক, এখন কথা হচ্ছে এরকম ভুলোভালা একজন মানুষ আমার জীবনে বিভীষিকা হয় কেমন করে?"
"আমার ডেঞ্জারাস মামী
",সেটার অনেক কারণ আছে-একটা হচ্ছে আমার স্কুল।
"আমার ডেঞ্জারাস মামী
","আমার নতুন স্কুলটা একটা ঢংয়ের স্কুল, ছেলেমেয়েদের লেখাপড়া শিখিয়েই তাদের শান্তি নাই, টং করার জন্য তাদের মাঝে মাঝেই ছেলেমেয়েদের বাবা-মায়েদের সাথে কথা বলতে হয়।"
"আমার ডেঞ্জারাস মামী
","যারা নেকু নেকু টাইপের আঠা আঠা ভালো ছেলেমেয়ে, তাদের কোনো সমস্যা নাই, বাবা-মায়েরা যখন জানতে পারেন স্কুলে তাদের ছেলেমেয়েরা কত ভালো করছে তখন তারা মহাখুশী হয়ে ফিরে আসেন।"
"আমার ডেঞ্জারাস মামী
","ঝামেলাটা হয় আমার মতো দুই চারজনের যাদের লেখাপড়ার কোনো ইচ্ছা নাই, ক্লাসের ছেলেমেয়েদের সাথেও যারা মাঝেমধ্যে একটু মারামারি করে, যাদের ক্রিকেট বল লেগে জানালার কাঁচ ভেঙে যায়, যারা লাইব্রেরির বই হারিয়ে ফেলে-
এরকম ছেলেমেয়েদের।"
"আমার ডেঞ্জারাস মামী
","আমি চেষ্টা করি আব্বুকে নিয়ে যেতে, আম্মু যদি আমার সব অপকর্মের কথা জেনে যায় তাহলে পরে বিপদ হতে পারে।"
"আমার ডেঞ্জারাস মামী
","শেষবার যখন আলুকে নিয়ে গেছি তখন জিনিয়া ম্যাডাম কাগজপত্র দেখে আব্বুকে বললেন, “আপনার ছেলের মনে হয় ডিসিপ্লিন নিয়ে একটু সমস্যা আছে।”"
"আমার ডেঞ্জারাস মামী
","আব্বু হা হা করে হাসার চেষ্টা করে বললেন, “কার নাই?”"
"আমার ডেঞ্জারাস মামী
",ইংরেজি ল্যাংগুয়েজটাই একটা সমস্যা।
"আমার ডেঞ্জারাস মামী
",ডিসিপ্লিন শব্দটার মাঝে এস এর পর বাড়তি একটা সি দেওয়ার দরকার কী?
"আমার ডেঞ্জারাস মামী
",মাঝে মাঝে আমারই প্যাঁচ লেগে যায়।
"আমার ডেঞ্জারাস মামী
","তারপর ধরেন নিমোনিয়া শব্দটা—”
জিনিয়া ম্যাডাম মুখ শক্ত করে বললেন, “না, আমি বানান নিয়ে কথা বলছি না।”"
"আমার ডেঞ্জারাস মামী
",আমি বলছি ডিসিপ্লিন ব্যাপারটা নিয়ে।
"আমার ডেঞ্জারাস মামী
",আমার কাছে বিশাল লিস্ট।
"আমার ডেঞ্জারাস মামী
",মনে হয় বিশ্বাসই করতে পারছেন না যে তার ছেলের ডিসিপ্লিন নিয়ে সমস্যা থাকতে পারে।
"আমার ডেঞ্জারাস মামী
","জিনিয়া ম্যাডাম মুখটাকে রাক্ষুসীর মতো করে বললেন, “মনে হয় লেখাপড়াতেও মন নেই।”"
"আমার ডেঞ্জারাস মামী
",সব সাবজেক্টে টেনেটুনে পাশ।
"আমার ডেঞ্জারাস মামী
",গণিতের অবস্থা ভয়াবহ।
"আমার ডেঞ্জারাস মামী
","শুনলাম রাক্ষুসী ম্যাডাম বলছেন, “এই যে গণিত পরীক্ষার খাতাটা এখানে আছে।”"
"আমার ডেঞ্জারাস মামী
","প্রশ্ন করা আছে যতজন শ্রমিক তত টাকা মজুরি হিসেবে এত টাকা দেওয়া হয়েছে, শ্রমিকদের মজুরি কত।"
"আমার ডেঞ্জারাস মামী
",আপনার ছেলে কী লিখেছে জানেন?
"আমার ডেঞ্জারাস মামী
",এটি অন্যায় এবং অমানবিক।
"আমার ডেঞ্জারাস মামী
",এটি একধরনের শোষণ।
"আমার ডেঞ্জারাস মামী
","আব্বু মনে হলো অনেক কষ্ট করে তার হাসিটা গোপন করে জিজ্ঞেস করলেন, “এই উত্তর লিখে সে কত পেয়েছে?”"
"আমার ডেঞ্জারাস মামী
","যখন বাসায় আসছি তখন আব্বুকে জিজ্ঞেস করলাম, “আব্বু তুমি কি আমার ওপর রাগ হয়েছ?”"
"আমার ডেঞ্জারাস মামী
",কেন?
"আমার ডেঞ্জারাস মামী
","আমি বললাম, “এই যে পরীক্ষায় কম নম্বর পাচ্ছি।”"
"আমার ডেঞ্জারাস মামী
",স্যার ম্যাডামরা রাগ।
"আমার ডেঞ্জারাস মামী
",আমার ডিসিপ্লিন নিয়ে সমস্যা।
"আমার ডেঞ্জারাস মামী
",সেই ব্যাপার?
"আমার ডেঞ্জারাস মামী
",বুঝতে পারছি না রাগ হব নাকি অবাক হব।
"আমার ডেঞ্জারাস মামী
",কাঁদব না হাসব।
আঁখি এবং আমরা ক’জন,"যখন আমি বুঝতে পেরেছি যে আমাদের জীবনের কোথাও ছিটেফোঁটা আনন্দ নেই
কিছুদিন থেকে আমার দিনকাল বেশি ভালো যাচ্ছে না।"
আঁখি এবং আমরা ক’জন,আসলে শুধু কিছুদিন না-আমি যদি একটু চিন্তা করি তা হলে মনে হতে থাকে যে অনেকদিন থেকেই আমার দিনকাল বেশি ভালো যাচ্ছে না।
আঁখি এবং আমরা ক’জন,আমি যদি সবকিছু ছেড়েছুঁড়ে অনেকক্ষণ ধরে খুব গভীরভাবে চিন্তা করি তা হলে মনে হয় আমি বের করে ফেলতে পারব যে আসলে কখনোই আমার দিনকাল বেশি ভালো যায় নাই।
আঁখি এবং আমরা ক’জন,(তবে আমি কখনোই কোনো কিছু নিয়ে গভীরভাবে চিন্তা করতে পারি না-যে কোনো জিনিস নিয়ে একটুক্ষণ চিন্তা করলেই আমার কেমন জানি দম আটকে আসে।
আঁখি এবং আমরা ক’জন,")
আমার যে দিনকাল ভালো যাচ্ছে না সেটা বোঝার জন্যে খুব বেশি চিন্তা করার দরকারও হয় না-চিন্তা না করেও সেটা বের করে ফেলা যায়।"
আঁখি এবং আমরা ক’জন,"আমরা দুই ভাই, আমার বড় ভাইয়ের নাম টিটু আমার নাম তিতু।"
আঁখি এবং আমরা ক’জন,"বড় ভাইকে সবাই ঠিক করে ডাকে টিটু, বেশিরভাগ মানুষ আমাকে তিতু না ডেকে ডাকে তিতা।"
আঁখি এবং আমরা ক’জন,"যারা আবার একটু বেশি ঢং করতে চায় তারা মুখটা সুচালো করে নাকি সুরে বলে তেঁতো, তারপর এমনভাবে মুখের একটা ভঙ্গি করে যেন কেউ সত্যি সত্যি তাদের মুখে তেতো করলার রস ঢেলে দিয়েছে।"
আঁখি এবং আমরা ক’জন,আমি ঠিক করেছি বড় হওয়া মাত্রই হাইকোর্টে মামলা করে আমার নামটা বদলে ফেলব।
আঁখি এবং আমরা ক’জন,কী নাম নেব এখনো ঠিক করি নাই-তবে সেই নাম নিয়ে কেউ যে ঢং করতে পারবে না সেটা আমি এখন থেকেই ঘোষণা দিয়ে রাখতে পারি ।
আঁখি এবং আমরা ক’জন,"আমাদের বাসায় আমরা টিটু তিতু এই দুই ভাই ছাড়াও আছে আমার আব্বু, আম্মু আর ফুলি খালা।"
আঁখি এবং আমরা ক’জন,আব্বু ব্যাংকে চাকরি করেন আম্মু একটা স্কুলে পড়ান আর বলা যেতে পারে ফুলি খালা আমাদের সবাইকে দেখেশুনে রাখেন।
আঁখি এবং আমরা ক’জন,"ফুলি খালার মেজাজ অবশ্যি খুবই গরম, দুই তিনদিন পরে পরেই চিৎকার করে বলেন, “আমি আর এই বাসায় থাকব না!”"
আঁখি এবং আমরা ক’জন,এই বাসায় কোনো মানুষ থাকতে পারে না।
আঁখি এবং আমরা ক’জন,"এখানে কোনোরকম নিয়মনীতি নাই, কোনো রকম শৃঙ্খলা নাই, আমি একজন মানুষ কতো কাজ করব?"
আঁখি এবং আমরা ক’জন,বাসায় কাজ করি তার মানে কি আমি ক্রীতদাস?
আঁখি এবং আমরা ক’জন,শপিংমল থেকে আমাকে কিনে এনেছে?
আঁখি এবং আমরা ক’জন,আমি ভুলভাল কথা বললে মাঝে মাঝে আমাকে শুদ্ধ করে দেন।
আঁখি এবং আমরা ক’জন,আমাদের বাসায় আমরা সবাই ফুলি খালাকে ভয় পাই।
আঁখি এবং আমরা ক’জন,সবচাইতে বেশি ভয় পান আম্মু আর তার থেকেও বেশি ভয় পান আব্বু।
আঁখি এবং আমরা ক’জন,"যখন ফুলি খালা কাছাকাছি থাকেন না তখন আম্মু চোখ পাকিয়ে বলেন, “এই ফুলিকে আমি বাসা থেকে বিদায় করব।”"
আঁখি এবং আমরা ক’জন,কাজের বুয়া হয়ে আমাদের সাথে কী ভাষায় কথা বলে লক্ষ করেছ?
আঁখি এবং আমরা ক’জন,সে কি ভলান্টারি কাজ করে?
আঁখি এবং আমরা ক’জন,মোটেই।
আঁখি এবং আমরা ক’জন,মাসের শেষে গুনে গুনে টাকা দেই।
আঁখি এবং আমরা ক’জন,দুই ঈদে বোনাস।
আঁখি এবং আমরা ক’জন,টেলিভিশন বন্ধ করে ঘুমাতে যান।
আঁখি এবং আমরা ক’জন,বলে খট করে টেলিভিশনটা বন্ধ করে দিল!
আঁখি এবং আমরা ক’জন,আবার যখন ফুলি খালা আশেপাশে থাকেন তখন দুইজনই একেবারে কেঁচোর মতো হয়ে যান।
আঁখি এবং আমরা ক’জন,"আম্মু আহাদি গলায় বলেন, “ফুলি, তোমার চিকেনটা আজকে যা ভালো হয়েছে কী বলব।”"
আঁখি এবং আমরা ক’জন,তোমার আসলে ফাইভ স্টার হোটেলের কুক হওয়া উচিত ছিল।
আঁখি এবং আমরা ক’জন,তা হলে যখন ইচ্ছা হবে বাড়িতে কথা বলতে পারবে।
আঁখি এবং আমরা ক’জন,মোবাইল ফোন আর টেলিভিশন এই দুই জিনিস আমি দুই চোখে দেখতে পারি না।
আঁখি এবং আমরা ক’জন,কে এই দুইটা জিনিস আবিষ্কার করেছিল কে জানে-তার ওপরে নিশ্চয়ই আল্লাহর গজব পড়বে।
আঁখি এবং আমরা ক’জন,"আম্মু বলেন, “ঠিকই বলেছ ফুলি।”"
আঁখি এবং আমরা ক’জন,মোবাইল টেলিফোনে বেশি কথা বললে না কি ব্রেনের মাঝে ক্যান্সার হয়।
আঁখি এবং আমরা ক’জন,ইউ আর হান্ড্রেড পার্সেন্ট রাইট।
আঁখি এবং আমরা ক’জন,পৃথিবী থেকে টেলিভিশন ব্যান করে দেওয়া দরকার!
আঁখি এবং আমরা ক’জন,সময়ের কী ভয়াবহ অপচয়।
আঁখি এবং আমরা ক’জন,তবে এই তিনজনকে নিয়ে আমার বেশি সমস্যা নাই-আমার সবচেয়ে বড় সমস্যা হচ্ছে আমার বড় ভাই টিটুকে নিয়ে।
আঁখি এবং আমরা ক’জন,সে কিছুদিন আগেও ঠিকঠাক ছিল আস্তে আস্তে কেমন যেন আজব হয়ে গেল।
আঁখি এবং আমরা ক’জন,"এখন দিনরাত খালি সে পড়ে, পড়তে পড়তে তার চেহারার মাঝে ভালো ছাত্র ভালো ছাত্র ভাব চলে এসেছে।"
আঁখি এবং আমরা ক’জন,"ঘাড়টা একটু কুঁজো, গলাটা চিকন, চোখ দুইটা গর্তের ভিতর এবং ঠোঁটের ওপর খুব হালকা গোঁফ ওঠার চিহ্ন।"
আঁখি এবং আমরা ক’জন,যতক্ষণ স্কুলে থাকে ভাইয়া কী করে আমি জানি না কিন্তু যতক্ষণ বাসায় থাকে ততক্ষণ সে গুনগুন গুনগুন করে নাকি সুরে মাথা দুলিয়ে দুলিয়ে কিছু একটা মুখস্থ করে।
আঁখি এবং আমরা ক’জন,"আমি আর তার ধারেকাছে যাই না, গেলেই তার বইটা আমার হাতে ধরিয়ে দিয়ে বলে, “এই তিতা, দেখ দেখি আমার এই পৃষ্ঠাটা ঠিকমতোন মুখস্থ হয়েছে কি না।”"
আঁখি এবং আমরা ক’জন,"উল্লেখ্য যে, মহাকর্ষ বল সার্বিকভাবে সংজ্ঞায়িত করার জন্যে একটি ধ্রুবক ব্যবহার করা হইয়াছে।"
আঁখি এবং আমরা ক’জন,"এম কে এস পদ্ধতিতে এই ধ্রুবকের মান ছয় দশমিক ছয় সাত চার গুণন দশ ঊর্ধ্বঘাত ঋণাত্মক এগারো...”
ক্লাসের পড়া করার জন্যে আমাকেও মুখস্থ করতে হয় কিন্তু ভাইয়ার মতো দাড়ি কমাসহ মুখস্থ করতে আমি কাউকে দেখিনি।"
আঁখি এবং আমরা ক’জন,এই ব্যাপারটাতে সে মনে হয় পৃথিবীর সবচেয়ে বড় এক্সপার্ট।
আঁখি এবং আমরা ক’জন,আমার আব্বু আর আম্মু এখন ভাইয়ার উপরে খুব খুশি।
আঁখি এবং আমরা ক’জন,"বাসায় কেউ বেড়াতে এলেই আবু-আম্মু টিটুকে দেখিয়ে বলেন, “এই যে টিটু, আমাদের বড় ছেলে।”"
আঁখি এবং আমরা ক’জন,লেখাপড়ায় খুব মনোযোগ।
আঁখি এবং আমরা ক’জন,সামনের বার এসএসসি দিবে।
আঁখি এবং আমরা ক’জন,"পরীক্ষার এখনো দেড় বছর বাকি, এর মাঝে সারা বই মুখস্থ করে ফেলেছে।"
আঁখি এবং আমরা ক’জন,"আমি সবসময় দূরে থাকার চেষ্টা করি, কিন্তু মাঝে মাঝেই আমাকে ডেকে আনা হয়।"
প্রোগ্রামার,জামশেদ একজন প্রোগ্রামার।
প্রোগ্রামার,"তার বয়স যখন ষোলো সে অত্যন্ত কষ্টেসৃষ্টে সেকেন্ডারি স্কুল সার্টিফিকেট পরীক্ষা পাস করেছিল, ইংরেজি আর ফিজিক্সে আর একটু হলে ভরাডুবি হয় যেত।"
প্রোগ্রামার,দুই বছর পরে হায়ার সেকেন্ডারি স্কুল সার্টিফিকেট পরীক্ষার আগে সে মোটামুটি পড়াশোনা করেছিল এবং হয়তো এমনিতেই পাস করে যেত।
প্রোগ্রামার,কিন্তু ব্যাপারটি নিশ্চিত করার জন্যে ইংরেজি পরীক্ষায় দীর্ঘ রচনাটি নকল করতে গিয়ে পরীক্ষকের কাছে হাতেনাতে ধরা পড়ে গেল।
প্রোগ্রামার,"সে যে কলেজ থেকে পরীক্ষা দিচ্ছে সেখানে উঁচু গলায় ছাত্র রাজনীতি করা হয়, শ্লোগানে-ঢাকা কলেজ ভবনটিকে দূর থেকে একটা খবরের কাগজের মতো মনে হয় এবং পরীক্ষার সময় পরীক্ষকরা নকলবাজ ছাত্রদের ঘাঁটাঘাঁটি করেন না।"
প্রোগ্রামার,কিন্তু জামশেদের কপাল খারাপ।
প্রোগ্রামার,সে একজন আধপাগল নীতিবাগীশ শিক্ষকের হাতে ধরা পড়ে গেল।
প্রোগ্রামার,"যদিও সে নিরীহ গোছের মানুষ তবুও তার সন্ত্রাসী বন্ধুদের মতো ভয় দেখানোর চেষ্টা করে দেখল- তাতে কোনো লাভ হল না, বরং উল্টো খুব দ্রুত একজন ম্যাজিস্ট্রেটের হাতে হস্তান্তর করে পাকাপাকিভাবে বহিষ্কার করে দেয়া হল।"
প্রোগ্রামার,জামশেদ মাসখানেক খুব মনমরা হয়ে ঘুরে বেড়াল।
প্রোগ্রামার,গভীর রাতে যখন আকাশে মেঘ করে ঝড়ো বাতাস বইত তখন মাঝে মাঝে তার সমস্ত জীবন অর্থহীন মনে হত; এমনকি এক দুবার সে আত্মহত্যা করার কথাও চিন্তা করেছিল।
প্রোগ্রামার,আত্মহত্যা করার কোনো যন্ত্রণাহীন সহজ পরিচ্ছন্ন উপায় থাকলে সে যে তার জন্যে সত্যি সত্যি চেষ্টা করে দেখত না এ কথাটিও কেউ নিশ্চিত করে বলতে যায় না।
প্রোগ্রামার,ঠিক এরকম সময়ে জামশেদ নয়াবাজারের মোড়ে একটি কম্পিউটার ট্রেনিং সেন্টারে প্রথমবারের মতো একটি কম্পিউটার দেখল।
প্রোগ্রামার,ঘটনাটি যে তার জীবনের মোড় ঘুরিয়ে দেবে সে সেটা তখনো জানত না।
প্রোগ্রামার,তার এক সহপাঠী যে হায়ার সেকেন্ডারি স্কুল সার্টিফিকেট পরীক্ষা দিয়ে বিশ্ববিদ্যালয়ে ভর্তি হবার প্রস'তি হিসেবে কম্পিউটারের ওপর কোর্স নেয়ার জন্যে এই ট্রেনিং সেন্টারে ভর্তি হয়েছে তার সাথে সময় কাটানোর জন্যে সে এই ট্রেনিং সেন্টারে এসেছিল।
প্রোগ্রামার,"কম্পিউটারের মনিটরের সামনে বসে তাকে আপাতদৃষ্টিতে অর্থহীন কিছু কাজ করতে হচ্ছিল, কাজটি কেন করতে হচ্ছে কিছুতেই সে ব্যাপারটি ধরতে পারছিল না।"
প্রোগ্রামার,অথচ দুই মিনিটের মাথায় হঠাৎ করে জামশেদের কাছে পুরো ব্যাপারটি অত্যন্ত যুক্তিসঙ্গত সহজ কাজ বলে মনে হতে থাকে।
প্রোগ্রামার,ঘণ্টা খানেকের মাঝে জামশেদ সবিস্ময়ে আবিষ্কার করল সে তার সহপাঠীকে প্রোগ্রামিঙে সাহায্য করতে শুরু করেছে।
প্রোগ্রামার,মানুষের মস্তিষ্ক কীভাবে কাজ করে সেটি বোঝা খুব সহজ নয়।
প্রোগ্রামার,জামশেদের ভিতরে হঠাৎ করে কম্পিউটার নামক এই বিচিত্র যন্ত্রটির জন্য এক ধরনের অমানবিক আগ্রহের জন্ম হল।
প্রোগ্রামার,কম্পিউটার ট্রেনিং সেন্টারের নানা ধরনের কোর্সের কোনোটিই নেয়ার মতো আর্থিক সঙ্গতি ছিল না এবং তার ভাইয়ের সংসারে ভাবির ফুটফরমাশ খেটে ট্রেনিং- সেটি হওয়ার কোনো সম্ভাবনাও ছিল না।
প্রোগ্রামার,দিন কয়েক কম্পিউটার ট্রেনিং সেন্টারের আশপাশে ঘোরাঘুরি করে সে একরকম বেপরোয়া হয়ে একটা সাহসের কাজ করল- একদিন তার ভাবির একটা সোনার বালা চুরি করে ফেলল।
প্রোগ্রামার,ঘটনাটি যে জামশেদ করতে পারে সেটি ঘুণাক্ষরেও কেউ সন্দেহ করতে পারেনি।
প্রোগ্রামার,"বাসার কাজের ছেলেটিকে জামশেদের বড় ভাই যিনি তাদের অফিসের ভলিবল টিমের ক্যাপ্টেন অমানুষিকভাবে পেটালেন, তার পরেও স্বীকার না করায় তার জিনিসপত্র কেড়ে নিয়ে পুলিশের হাতে দ্বিতীয়বার নৃশংসভাবে পেটানোর জন্যে তুলে দিলেন।"
প্রোগ্রামার,"পুরো ব্যাপারটিতে জামশেদের ভিতরে এক ধরনের গভীর অপরাধবোধ জন্ম হল, কিন্তু তবুও একটিবারও সোনার বালাটি ফিরিয়ে দিয়ে সম্পূর্ণ নিরপরাধ এই কাজের ছেলেটিকে রক্ষা করার কথা মনে হল না।"
প্রোগ্রামার,সোনার বালাটি বিক্রি করে সেই টাকা দিয়ে কম্পিউটার নামক এই বিচিত্র জিনিসটির গহিনে প্রবেশ করার জন্যে তার ভিতরে যে দুর্দমনীয় আকর্ষণের জন্ম হয়েছে তার সঙ্গে তুলনা করার মতো অন্য কোনো অনুভূতির সাথে সে পরিচিত নয়।
প্রোগ্রামার,"সোনার বালাটি যে মূল্যে বিক্রি করার কথা জামশেদকে তার থেকে অনেক কম মূল্যে বিক্রি করতে হল, চোরাই জিনিস দেখেই কেমন করে জানি দোকানিরা বুঝে ফেলে।"
প্রোগ্রামার,টাকাগুলো হাতে পেয়েই সে নয়াবাজারের মোড়ের কম্পিউটার ট্রেনিং সেন্টারের একটি অত্যন্ত উচ্চাভিলাষী কোর্সে ভর্তি হয়ে গেল।
প্রোগ্রামার,কম্পিউটার ট্রেনিং সেন্টারটির সাইনবোর্ডে অনেক বড় বড় এবং ভালো ভালো কথা লেখা থাকলেও এর প্রকৃত অবস্থা ছিল অত্যন্ত করুণ।
প্রোগ্রামার,একটি আধো অন্ধকার ঘিঞ্জিঘরে কিছু প্রায় বিলুপ্ত প্রজাতির ভাইরাসদৃষ্ট কম্পিউটার এবং একজন অশিক্ষিত ইন্সট্রাক্টর ছাড়া আর বিশেষ কিছু ছিল না।
প্রোগ্রামার,"কোর্স চলাকালীন যখন অন্য ছাত্রেরা হোঁচট খেতে খেতে এক জায়গাতেই অন্ধের মতো ঘুরপাক খাচ্ছিল তখন জামশেদ অপারেটিং সিস্টেমের বেড়াজাল পার হয়ে প্রোগ্রামিং ল্যাংগুয়েজের সৃজনশীল ভূখন্ডে পা দিয়ে ফেলল৷
অর্ধশিক্ষিত ইন্সট্রাক্টর এই ব্যতিক্রমী ছাত্রকে পেয়ে প্রথমে অত্যন্ত বিরক্তি বোধ করলেও যখন আবিষ্কার করল সে তাকে আর প্রশ্ন না করে নিজে নিজেই কম্পিউটারের গহিনে প্রবেশ করে যাচ্ছে, সে স্বস্তির নিশ্বাস ফেলে বাঁচল।"
প্রোগ্রামার,তিন মাসের এই উচ্চাভিলাষী কোর্সের দ্বিতীয় মাসের দিকে জামশেদ আবিষ্কার করল এখানে তার শেখার মতো আর কিছুই বাকি নেই।
প্রোগ্রামার,"যে স্বল্প সময় তাকে কম্পিউটারের সামনে বসতে দেয়া হয় সেটি তার জন্যে যথেষ্ট নয়, যে করেই হোক তাকে এই রহস্যময় যন্ত্রটিকে আরো দীর্ঘ সময়ের জন্যে পেতে হবে।"
প্রোগ্রামার,"যে পদ্ধতিতে সে এই কোর্সের ব্যয়ভার বহন করেছে সেই একই পদ্ধতিতে কম্পিউটার কেনা সম্ভব নয়, কিন্তু একটি কম্পিউটারকে চব্বিশ ঘণ্টা কাছাকাছি না পেলে সে যে ভয়ানক কিছু একটা করে ফেলতে পারে সে ব্যাপারে কোনো সন্দেহ নেই।"
প্রোগ্রামার,জামশেদের ভয়ানক কিছু করার প্রয়োজন হল না।
প্রোগ্রামার,কারণ তার একটি অভাবিত সুযোগ এসে গেল।
প্রোগ্রামার,কম্পিউটার ট্রেনিং সেন্টারের অর্ধশিক্ষিত ইন্সট্রাক্টর ভদ্রলোক স্থানীয় একটি দৈনিক পত্রিকায় কম্পিউটার অপারেটর পদে চাকরি নিয়ে চলে গেল।
প্রোগ্রামার,ট্রেনিং সেন্টারের মালিক প্রায় এক ডজন নানা ধরনের ছাত্র নিয়ে অত্যন্ত বিপদের মাঝে পড়ে গেলেন।
প্রোগ্রামার,ছাত্রদের সবাইও তাদের টাকা ফেরত দেয়ার দাবি করতে লাগল।
প্রোগ্রামার,ট্রেনিং সেন্টারের মালিক যখন কোর্স শেষ করার জন্যে পাগলের মতো একজন ইন্সট্রাক্টর খোঁজ করছিলেন তখন জামশেদ তাঁর কাছে কাজ চালিয়ে নেবার প্রস্তাব দিল।
শিকারি,"সানি ডাইনিং টেবিলে বসে ট্রনকে বলল, ‘আমাকে এক কাপ গরম কফি দাও।"
শিকারি,কুইক।
শিকারি,"সে বলল, ‘গরম কথাটি খুবই আপেক্ষিক।"
শিকারি,কারও কারও কাছে মনে হয় ৩০ ডিগ্রি সেলসিয়াস হচ্ছে গরম।
শিকারি,"কেউ কেউ মনে করে, ৮০ ডিগ্রি সেলসিয়াস হচ্ছে গরম।"
শিকারি,কাজেই আপনার সুনির্দিষ্টভাবে বলা উচিত আপনি কত তাপমাত্রার গরম কফি চান।
শিকারি,সোজা জিনিসটাও তোমার ঘিলুতে ঢোকানো যায় না।
শিকারি,আপনি ব্যাটা শব্দ ব্যবহার করেছেন।
শিকারি,আমার ডিকশনারিতে ব্যাটা শব্দের অর্থ পুরুষ মানুষ।
শিকারি,অথচ আমি পুরুষ বা মহিলা কিছু নই।
শিকারি,"আমি একটি রোবট, আপনি ঘিলু শব্দটা ব্যবহার করেছেন কিন্তু একটা বাচ্চাও জানে, রোবটের ঘিলু থাকে না।"
শিকারি,তাদের থাকে কপোট্রন।
শিকারি,চুপ করে আমি যা বলছি তা-ই করো।
শিকারি,এক কাপ গরম কফি।
শিকারি,এবারে হয়েছে?
শিকারি,"শান্তভাবে বলল, ‘হয়েছে।"
শিকারি,আমি এক্ষুনি নিয়ে আসছি।
শিকারি,"সানি সেই কফির মগ হাতে নিয়ে যখন চুমুক দেবে, ঠিক তখন ট্রন কফির মগটা ছিনিয়ে নিয়ে গেল।"
শিকারি,"সানি বলল, “সেকি!”"
শিকারি,সেকি!
শিকারি,কী করছ তুমি?
শিকারি,"সানি চিৎকার করে বলল, ‘হয়েছে তো হয়েছে।"
শিকারি,আমি সেটাই খাব।
শিকারি,কফির মগটা এক্ষুনি নিয়ে এসো আমার কাছে।
শিকারি,"একবার বলছেন তাপমাত্রা দরকার ৮০ দশমিক ৩৭, আবার বলছেন ৮০ দশমিক ৩৬-তেই কাজ চলে যাবে।"
শিকারি,"সানি অনেক কষ্ট করে নিজেকে শান্ত করে বলল, ‘ট্রন, তুমি আমার সামনে দাঁড়াও।"
শিকারি,আমি তোমাকে কয়েকটা কথা বলি।
শিকারি,"বলল, ‘বলেন।"
শিকারি,আমরা মানুষের মতো নই।
শিকারি,আমরা কিছু ভুলি না।
শিকারি,তোমাদের তৈরি করা হয়েছে মানুষকে সাহায্য করার জন্য।
শিকারি,কাজেই তোমাদের মানুষের চরিত্র বুঝতে হবে।
শিকারি,মানুষ সিদ্ধান্তহীনতা পছন্দ করে না।
শিকারি,মানুষ সব সময় সিদ্ধান্ত নিতে চায়।
শিকারি,"তার মাঝে খুঁটিনাটি পছন্দ করে না, দ্রুত সিদ্ধান্ত নিতে চায়।"
শিকারি,"এখন তুমি যদি গরম শব্দটার ব্যাখ্যা নিয়েই দিন পার করে দাও, তাহলে হবে না।"
শিকারি,"গরম বলতে কী বোঝাই, সেটা জানতে হবে, তার ওপর সিদ্ধান্ত নিতে হবে।"
শিকারি,আজকে সারা দিন তুমি আমার সঙ্গে থাকো।
শিকারি,তুমি দেখো আমি কীভাবে কাজ করি।
শিকারি,সেটা দেখে শেখো।
শিকারি,"তুমিও যদি সেভাবে কাজ করতে পারো, তাহলে আমি তোমাকে ব্যবহার করতে পারব।"
শিকারি,"যদি না পারো, তাহলে তোমাকে ফিরিয়ে দেওয়া ছাড়া কোনো গতি থাকবে না।"
শিকারি,"আমার ডিকশনারি বলছে, শিকার অর্থ পশুপাখি হত্যা করা।"
শিকারি,পশুপাখির বুদ্ধিবৃত্তি মানুষ থেকে কম।
শিকারি,"কাজেই মানুষ যদি তাদের হত্যা করতে চায়, তারা কোনোভাবেই নিজেদের রক্ষা করতে পারবে না।"
শিকারি,এটি একটি অসম প্রতিযোগিতা ।
শিকারি,"সানি বিরক্ত হয়ে টেবিলে থাবা দিয়ে বলল, ‘এই যে তুমি আবার ঘ্যান ঘ্যান শুরু করেছ।"
শিকারি,"আমি তোমাকে বলেছি, বাজে তর্ক না করে সিদ্ধান্ত নিতে শেখো।"
শিকারি,শিকার করা মানুষের একটা প্রাচীন স্পোর্টস।
শিকারি,"মানুষ হাজার হাজার বছর আগে থেকে শিকার করে আসছে,ভবিষ্যতেও হাজার হাজার বছর ধরে শিকার করবে।"
শিকারি,"কাজেই এটা অসম প্রতিযোগিতা কি না, সেটা আমি তোমার কাছে শুনতে চাই না।"
শিকারি,বুঝেছ?
শিকারি,বড় একটা হ্রদের পাশে পাইনগাছের সারি।
শিকারি,"পেছনে পাহাড়, পাহাড়ের চূড়ায় মুকুটের মতো সাদা বরফ।"
শিকারি,"সামনে বিস্তৃত বিশাল উপত্যকা, সেখানে ঘন সবুজ গাছ।"
শিকারি,"সানি মুগ্ধ হয়ে তাকিয়ে থেকে বলল, ‘আহ্!"
শিকারি,কী মায়াময় পরিবেশ!
শিকারি,"একটা প্রাকৃতিক দৃশ্যের বেলায়—'
ট্রন বাক্যটা শেষ করতে পারল না, সানি তাকে ধমক দিয়ে থামিয়ে দিয়ে বলল, “তুমি বাজে বকবক করবে না।”"
শিকারি,যেটা বলছি সেটা শোনো।
শিকারি,কপোট্রনে জমা করে রাখো।
শিকারি,"সানির চোখ উত্তেজনায় চকচক করতে থাকে, সে ফিসফিস করে ট্রনকে বলল, ‘বন্দুকটা দাও।"
শিকারি,হ্রদের কাছাকাছি পৌঁছে একটা বড় গাছের আড়ালে লুকিয়ে বন্দুকটা তুলে সে গুলি করল।
শিকারি,"গুলির শব্দ দূর পাহাড় থেকে প্রতিধ্বনিত হয়ে ফিরে আসে, সঙ্গে সঙ্গে সবগুলো পাখি কর্কশ শব্দ করে ডাকতে ডাকতে উড়ে গেল, শুধু তিন-চারটা পাখি হ্রদের পানিতে পড়ে ডানা ঝাপটাতে থাকে।"
শিকারি,সানি পানিতে নেমে পাখিগুলো তুলে নিয়ে আসে।
একটি বাঘের কথা,"আমি হচ্ছি সেই বাঘ, যার চরিত্রকে কটাক্ষ করে একটা গল্প এই দেশে চালু আছে।"
একটি বাঘের কথা,"গল্পটা সবাই জানে, বইপত্রে তার শিরোনাম হচ্ছে দুষ্টু বাঘ।"
একটি বাঘের কথা,"গল্পটা এ রকম:
এক বাড়ির সামনে একটা খাঁচায় একটা বাঘকে আটকে রাখা হয়েছে।"
একটি বাঘের কথা,সেই খাঁচার সামনে দিয়ে যে-ই যায় বাঘ তাকে অনুনয়-বিনয় করে তাকে ছেড়ে দিতে বলে।
একটি বাঘের কথা,একজন বোকাসোকা পণ্ডিত সত্যি সত্যি খাঁচা খুলে বাঘকে ছেড়ে দিল।
একটি বাঘের কথা,"বাঘ বের হয়েই পণ্ডিতকে বলল, “আমি তোমাকে খাব।”"
একটি বাঘের কথা,পণ্ডিতমশায় তখন তাকে সাক্ষী মানল।
একটি বাঘের কথা,"বলল, ‘ভাই শেয়াল, এই বাঘটা খাঁচার মাঝে আটকা ছিল, আমি এই পথে যাচ্ছিলাম, তখন বাঘটা বলল তাকে ছেড়ে দিতে।"
একটি বাঘের কথা,তখন বাঘটা হেঁটে যাচ্ছিল?
একটি বাঘের কথা,তুমি কিছুই বোঝ না।
একটি বাঘের কথা,"আমি খাঁচার মাঝে ছিলাম, পণ্ডিত হেঁটে যাচ্ছিল।"
একটি বাঘের কথা,"বাঘ বিরক্ত হয়ে বলল, “তুমি কিছুই বোঝ না।”"
একটি বাঘের কথা,"তারপর পণ্ডিতকে বলল, ‘এখন তুমি বাড়ি যাও।"
একটি বাঘের কথা,"আর শোনো, ভবিষ্যতে কখনো কোনো দুষ্টু বাঘের উপকার করতে যেয়ো না।"
একটি বাঘের কথা,তাহলে সে নির্ঘাত তোমার ঘাড় মটকে খাবে।
একটি বাঘের কথা,আমার মনে হয় এখন সত্যি কথা বলার সময় হয়েছে।
একটি বাঘের কথা,আমি মোটেও দুষ্টু বাঘ নই এবং সত্যি কথা বলতে কি আমার প্রতি আসলে ঘোরতর অবিচার করা হয়েছিল।
একটি বাঘের কথা,আমি এখন জাতির সামনে সত্যিকারের কাহিনীটা তুলে ধরতে চাই।
একটি বাঘের কথা,সবাই নিশ্চয়ই লক্ষ করেছে গল্পের শুরুতে বলা হয়েছে একটা বাঘকে একটা খাঁচার মাঝে আটকে রাখা হয়েছে।
একটি বাঘের কথা,"আমি মুক্ত এবং স্বাধীন একটা বাঘ, সুন্দরবনে আমি ঘুরে বেড়াই, দেশ-বিদেশ থেকে লোকজন আমাকে দেখতে সুন্দরবনে যায়, আমার ফটো তোলে।"
একটি বাঘের কথা,আমাকে কেমন করে খাঁচায় আটকানো হলো সেই কথাটা কেউ বলে না।
একটি বাঘের কথা,আসলে একটা অজ্ঞান পার্টি আমার খাবারে বিষ দিয়ে অজ্ঞান করে খাঁচার ভেতরে নিয়ে এসেছিল।
একটি বাঘের কথা,একটা বন্য পশুকে খাঁচার ভেতরে আটকে রাখলে বন্য পশু অধিদপ্তরের কঠোর শাস্তি দেওয়ার কথা কিন্তু অনেক টাকা ঘুষ দিয়ে কর্মকর্তাদের মুখ বন্ধ করে রাখা হয়েছিল।
একটি বাঘের কথা,"যাই হোক, স্বাভাবিক কারণেই আমি খাঁচা থেকে বের হতে চাইতাম এবং যে-ই আসত, তাকেই বলতাম আমাকে বের করে দেওয়ার জন্য।"
একটি বাঘের কথা,নিষ্ঠুর মানুষেরা কেউ আমার খাঁচা খুলে দিল না।
একটি বাঘের কথা,একদিন একটা বোকা পণ্ডিত খাঁচার সামনে দাঁড়িয়ে একটা লাঠি দিয়ে আমাকে খোঁচা দিতে লাগল।
একটি বাঘের কথা,"পশু নির্যাতন আইনে তার বিচার হওয়া উচিত, কিন্তু কে তার বিচার করবে?"
একটি বাঘের কথা,"আমি তাকে বললাম, ‘কেন আমাকে খোঁচাখুঁচি করছ।"
একটি বাঘের কথা,তার চাইতে তুমি আমাকে ছেড়ে দাও আমি তোমাকে সুন্দরবনে একটা প্লট জোগাড় করে দেব।
একটি বাঘের কথা,সেইখানে তুমি একটা হোটেল বানাতে পারবে।
একটি বাঘের কথা,সুন্দরবন যখন সপ্তাশ্চর্য হয়ে যাবে তখন লাখ লাখ টাকা কামাই করতে হবে।
একটি বাঘের কথা,"বের হয়ে আমি পণ্ডিতের টুটি চেপে ধরে বললাম, 'ব্যাটা পণ্ডিত, তোকে আমি খাব।"
একটি বাঘের কথা,"সুন্দরবনের রয়েল বেঙ্গল টাইগাররা শুকনো হাড় জিরজিরে মানুষ খায় না, তারা সুস্বাদু হরিণের মাংস খায়।"
একটি বাঘের কথা,আমার কথা বিশ্বাস না হলে উইকিপিডিয়াতে গিয়ে আমাদের খাদ্য কী সেটা যে কেউ দেখতে পারে।
একটি বাঘের কথা,"যাই হোক, আমার কথা শুনে বোকা এবং লোভী পণ্ডিত এতই ভয় পেয়ে গেল যে তার কাপড় নষ্ট হয়ে গেল—আমি তার আর বিস্তারিত বর্ণনা দিতে চাই না।"
একটি বাঘের কথা,ঠিক তখন শেয়াল এদিক দিয়ে যাচ্ছিল।
একটি বাঘের কথা,"সবাই জানে শেয়াল হচ্ছে প্রতারক, ধূর্ত এবং ঠগ।"
একটি বাঘের কথা,নিরীহ কুমিরছানাদের খেয়ে ফেলার জন্য তার বিরুদ্ধে সন্ত্রাসী আইনে মামলা আছে।
একটি বাঘের কথা,"পণ্ডিত শেয়ালকে বলল, ‘ভাই শেয়াল, আমাকে বাঁচাও।"
একটি বাঘের কথা,"খাঁচায় দীর্ঘদিন থেকে আপনার চোখের নিচে কালি পড়ে গেছে, আমার কাছে চোখের ক্রিম আছে আপনার চোখে লাগিয়ে দিই।"
একটি বাঘের কথা,"আমি সত্ এবং ন্যায়বান, ধরে নিই সবাই বুঝি আমার মতন।"
একটি বাঘের কথা,আমি তখনও জানি না যে শেয়াল মলম পার্টিতে যোগ দিয়েছে।
একটি বাঘের কথা,সে আমার দুই চোখে মলম লাগিয়ে দিল।
একটি বাঘের কথা,সঙ্গে সঙ্গে আমার চোখে কী যন্ত্রণা!
একটি বাঘের কথা,"চোখে কিছু দেখি না, কোন দিকে যাচ্ছি কিছুই বুঝতে পারি না।"
একটি বাঘের কথা,"একটা লাফ দিয়েছি, ভুল করে খাঁচার ভেতরেই ঢুকে গেছি।"
একটি বাঘের কথা,সঙ্গে সঙ্গে খাঁচার দরজা বন্ধ করে শেয়াল তালা মেরে দিয়েছে।
একটি বাঘের কথা,সেই থেকে আমি এখনো খাঁচার ভেতরে আটকা।
একটি বাঘের কথা,খবর পেয়েছি শেয়াল ক্রসফায়ারে মারা পড়েছে।
একটি বাঘের কথা,পণ্ডিত চিনি মজুদ করে ব্যবসা করে অনেক টাকা কামিয়েছে।
একটি বাঘের কথা,আমি বন্য পশু অধিদপ্তরে যোগাযোগ করার চেষ্টা করছি।
একটি বাঘের কথা,"একদিন নিশ্চয়ই আমি যুক্ত হব, আবার সুন্দরবনে ফিরে যাব।"
একটি বাঘের কথা,ফিরে যাওয়ার আগে আমি সংবাদ সম্মেলন করে সত্য কথাটি সবার সামনে প্রকাশ করে যাব।
একটি বাঘের কথা,"যতদিন সেটা না হচ্ছে ততদিন আমি সবাইকে জানাতে চাই আমি দুষ্টু বাঘ নই, আমি ষড়যন্ত্রের শিকার একটি অবহেলিত, নির্যাতিত নিপীড়িত বাঘ।"
